inchikey	name	is_drug	evidence	moa	support	lpv_5	lpv_4	lpv_3	top1_inchikey	top2_inchikey	top3_inchikey	top1_name	top2_name	top3_name
VLSGAOYACVQQIC-UHFFFAOYSA-N	Mls000714376	0	-2	-2	12	1	1	1	KCFYEAOKVJSACF-UHFFFAOYSA-N			Umifenovir		
LJECYISEUVKVSC-UHFFFAOYSA-N	Ac1Mil9P	0	-2	-2	12	1	1	1	KCFYEAOKVJSACF-UHFFFAOYSA-N			Umifenovir		
KCFYEAOKVJSACF-UHFFFAOYSA-N	Umifenovir	1	3	2	12	1	1	1	KCFYEAOKVJSACF-UHFFFAOYSA-N			Umifenovir		
AMRCHQSZZXWZBI-UHFFFAOYSA-N	Molport-000-801-520	0	-2	-2	12	1	1	1	KCFYEAOKVJSACF-UHFFFAOYSA-N			Umifenovir		
JFYQRVBFTIWYAP-UHFFFAOYSA-N	Ethyl 6-Bromo-4-[(Dimethylamino)Methyl]-5-Hydroxy-1-Methyl-2-[(Phenylsulfonyl)Methyl]-1H-Indole-3-Carboxylate	0	-2	-2	12	1	1	1	KCFYEAOKVJSACF-UHFFFAOYSA-N			Umifenovir		
SNIICYHOLRUPII-UHFFFAOYSA-N	Molport-000-812-866	0	-2	-2	12	1	1	1	KCFYEAOKVJSACF-UHFFFAOYSA-N			Umifenovir		
XRTVUZOZPMBKFC-UHFFFAOYSA-N	Cbmicro_043101	0	-2	-2	12	1	1	1	KCFYEAOKVJSACF-UHFFFAOYSA-N			Umifenovir		
NZDNHRDPEYHJMS-UHFFFAOYSA-N	Ac1Llorf	0	-2	-2	12	1	1	1	KCFYEAOKVJSACF-UHFFFAOYSA-N			Umifenovir		
KWEKHEFJSXTKGY-UHFFFAOYSA-N	Bas 01530349	0	-2	-2	8	0	1	1	KCFYEAOKVJSACF-UHFFFAOYSA-N			Umifenovir		
VNTBGGWDZYETPH-UHFFFAOYSA-N	6-[(Phenylsulfanyl)Methyl]-2-Sulfanyl-4-Pyrimidinol	0	-2	-2	8	0	1	1	KCFYEAOKVJSACF-UHFFFAOYSA-N			Umifenovir		
QUXNTLCQMWQBGC-UHFFFAOYSA-N	Ac1M4R6C	0	-2	-2	8	0	1	1	KCFYEAOKVJSACF-UHFFFAOYSA-N			Umifenovir		
YLYQGWVQALITSD-UHFFFAOYSA-N	Ac1M18Mz	0	-2	-2	8	0	1	1	KCFYEAOKVJSACF-UHFFFAOYSA-N			Umifenovir		
JXUHSUSCLWIKEW-UHFFFAOYSA-N	Molport-000-813-972	0	-2	-2	8	0	1	1	KCFYEAOKVJSACF-UHFFFAOYSA-N			Umifenovir		
FEKTXJRLVJYRHH-UHFFFAOYSA-N	Smr000217146	0	-2	-2	8	0	1	1	KCFYEAOKVJSACF-UHFFFAOYSA-N			Umifenovir		
UJLZWNQHEVGZBY-UHFFFAOYSA-N	Ethyl 6-Bromo-2-[(Dimethylamino)Methyl]-5-Hydroxy-1-Phenyl-1H-Indole-3-Carboxylate	0	-2	-2	8	0	1	1	KCFYEAOKVJSACF-UHFFFAOYSA-N			Umifenovir		
MOYCVQNAQRFXAY-UHFFFAOYSA-N	Mls000686738	0	-2	-2	8	0	1	1	KCFYEAOKVJSACF-UHFFFAOYSA-N			Umifenovir		
GLVKFPUFWVMVQL-UHFFFAOYSA-N	Smr000036708	0	-2	-2	8	0	1	1	KCFYEAOKVJSACF-UHFFFAOYSA-N			Umifenovir		
UQLRXWQGNJKVHB-UHFFFAOYSA-N	Chembl3260690	0	-2	-2	8	0	1	1	KCFYEAOKVJSACF-UHFFFAOYSA-N			Umifenovir		
HVGSRGWSMSUNPM-UHFFFAOYSA-N	Cbmicro_006501	0	-2	-2	8	0	1	1	KCFYEAOKVJSACF-UHFFFAOYSA-N	OVCDSSHSILBFBN-UHFFFAOYSA-N		Umifenovir	Amodiaquine	
UJYXJHAUJAVUPS-UHFFFAOYSA-N	Ethyl 4-[(Dimethylamino)Methyl]-5-Hydroxy-1-(4-Methoxyphenyl)-2-Methyl-1H-Indole-3-Carboxylate	0	-2	-2	8	0	1	1	KCFYEAOKVJSACF-UHFFFAOYSA-N			Umifenovir		
SQERNEYUYJVXTB-UHFFFAOYSA-N	Ac1Loxnh	0	-2	-2	8	0	1	1	KCFYEAOKVJSACF-UHFFFAOYSA-N			Umifenovir		
WKSATLOEJCSYIK-UHFFFAOYSA-N	Chembl3260683	0	-2	-2	8	0	1	1	KCFYEAOKVJSACF-UHFFFAOYSA-N			Umifenovir		
MODPIKSCMXTCPZ-UHFFFAOYSA-N	Ethyl 6-Bromo-2-({[2-(Diethylamino)Ethyl]Amino}Methyl)-5-Methoxy-1-Methyl-1H-Indole-3-Carboxylate	0	-2	-2	8	0	1	1	KCFYEAOKVJSACF-UHFFFAOYSA-N	REQCZEXYDRLIBE-UHFFFAOYSA-N		Umifenovir	Procainamide	
WWJHAODAHXBVMC-UHFFFAOYSA-N	CID28434923	0	-2	-2	8	0	1	1	KCFYEAOKVJSACF-UHFFFAOYSA-N			Umifenovir		
VYUQRLYKYWEPHX-UHFFFAOYSA-N	Nsc717486	0	-2	-2	8	0	1	1	KCFYEAOKVJSACF-UHFFFAOYSA-N			Umifenovir		
LCPQQYOICPPWPQ-UHFFFAOYSA-N	Molport-000-821-464	0	-2	-2	8	0	1	1	KCFYEAOKVJSACF-UHFFFAOYSA-N			Umifenovir		
GCLKZSBEVYSDDQ-UHFFFAOYSA-N	Chembl280220	0	-2	-2	8	0	1	1	KCFYEAOKVJSACF-UHFFFAOYSA-N			Umifenovir		
QMKWWQIXKVXLLN-UHFFFAOYSA-N	Ethyl 5-Methoxy-1-Methyl-4-(Phenylsulfonyl)-2-(Piperidin-1-Ylmethyl)-1H-Indole-3-Carboxylate	0	-2	-2	8	0	1	1	KCFYEAOKVJSACF-UHFFFAOYSA-N			Umifenovir		
BPSQXJXCENFVTC-UHFFFAOYSA-N	Mls000681580	0	-2	-2	8	0	1	1	KCFYEAOKVJSACF-UHFFFAOYSA-N			Umifenovir		
BGLRXOLRLKQLGH-UHFFFAOYSA-N	Mls000700758	0	-2	-2	8	0	1	1	KCFYEAOKVJSACF-UHFFFAOYSA-N			Umifenovir		
GKZRKLAIOOGLFV-UHFFFAOYSA-N	Nsc 89354	0	-2	-2	8	0	1	1	KCFYEAOKVJSACF-UHFFFAOYSA-N			Umifenovir		
XKIHGMIHMQVFNY-UHFFFAOYSA-N	Chembl3260680	0	-2	-2	8	0	1	1	KCFYEAOKVJSACF-UHFFFAOYSA-N			Umifenovir		
KNWNKJAGMRHATC-UHFFFAOYSA-N	Mls000698997	0	-2	-2	8	0	1	1	KCFYEAOKVJSACF-UHFFFAOYSA-N			Umifenovir		
BZESMUMEZWBSIA-UHFFFAOYSA-N	Chembl3260689	0	-2	-2	8	0	1	1	KCFYEAOKVJSACF-UHFFFAOYSA-N			Umifenovir		
BYSLMAUOJRMTSF-UHFFFAOYSA-N	Chembl3260681	0	-2	-2	8	0	1	1	KCFYEAOKVJSACF-UHFFFAOYSA-N			Umifenovir		
FHUAHZXWMLDGLP-UHFFFAOYSA-N	Ethyl 4-[(Dimethylamino)Methyl]-5-Hydroxy-2-Methyl-1-Phenyl-1H-Indole-3-Carboxylate	0	-2	-2	8	0	1	1	KCFYEAOKVJSACF-UHFFFAOYSA-N			Umifenovir		
YIPWLRSUHWXVLW-UHFFFAOYSA-N	7287-42-5	0	-2	-2	8	0	1	1	KCFYEAOKVJSACF-UHFFFAOYSA-N	VSZGPKBBMSAYNT-RRFJBIMHSA-N		Umifenovir	Oseltamivir	
MWLUZKNOWKFDBX-UHFFFAOYSA-N	CID29168672	0	-2	-2	8	0	1	1	KCFYEAOKVJSACF-UHFFFAOYSA-N			Umifenovir		
WTCPGENTHGBTOT-UHFFFAOYSA-N	Smr000217157	0	-2	-2	8	0	1	1	KCFYEAOKVJSACF-UHFFFAOYSA-N			Umifenovir		
AIJHDVQPHWLALE-UHFFFAOYSA-N	Chembl3260684	0	-2	-2	8	0	1	1	KCFYEAOKVJSACF-UHFFFAOYSA-N			Umifenovir		
MTUAPGDJRRQAHE-UHFFFAOYSA-N	Ethyl 6-Bromo-5-Methoxy-1-Methyl-2-(Piperidin-1-Ylmethyl)-1H-Indole-3-Carboxylate	0	-2	-2	8	0	1	1	KCFYEAOKVJSACF-UHFFFAOYSA-N			Umifenovir		
RTIBLQQLUBXQDX-UHFFFAOYSA-N	Chembl1331577	0	-2	-2	8	0	1	1	KCFYEAOKVJSACF-UHFFFAOYSA-N			Umifenovir		
UFNQKKXCYHZGQD-UHFFFAOYSA-N	Oprea1_120971	0	-2	-2	8	0	1	1	KCFYEAOKVJSACF-UHFFFAOYSA-N			Umifenovir		
CLZSZXFWIQZEED-UHFFFAOYSA-N	Mls000776692	0	-2	-2	8	0	1	1	KCFYEAOKVJSACF-UHFFFAOYSA-N			Umifenovir		
NGEIGNWFGJZXGF-UHFFFAOYSA-N	Mls000040278	0	-2	-2	8	0	1	1	KCFYEAOKVJSACF-UHFFFAOYSA-N			Umifenovir		
QTZYDBPRCVUFAE-UHFFFAOYSA-N	Chembl3260686	0	-2	-2	8	0	1	1	KCFYEAOKVJSACF-UHFFFAOYSA-N			Umifenovir		
SRAYJSYVBOONEG-UHFFFAOYSA-N	Dimethyl 2-(2-Phenylsulfanylethyl)Propanedioate	0	-2	-2	8	0	1	1	KCFYEAOKVJSACF-UHFFFAOYSA-N			Umifenovir		
IHNVIGMYLGNLIA-UHFFFAOYSA-N	Ethyl 6-Bromo-4,5-Dihydroxy-1,2-Dimethyl-1H-Indole-3-Carboxylate	0	-2	-2	8	0	1	1	KCFYEAOKVJSACF-UHFFFAOYSA-N			Umifenovir		
QOKRJIBOZKKPGI-UHFFFAOYSA-N	Mls000590260	0	-2	-2	8	0	1	1	KCFYEAOKVJSACF-UHFFFAOYSA-N			Umifenovir		
BFIKLHXDWFMYBY-UHFFFAOYSA-N	Molport-000-792-609	0	-2	-2	8	0	1	1	KCFYEAOKVJSACF-UHFFFAOYSA-N			Umifenovir		
HVHPQMBRWAKQKF-UHFFFAOYSA-N	Mls000705141	0	-2	-2	8	0	1	1	KCFYEAOKVJSACF-UHFFFAOYSA-N			Umifenovir		
BFSYAUDLEXXAIE-UHFFFAOYSA-N	Ethyl 6-Bromo-5-Hydroxy-2-[(4-Methylpiperazin-1-Yl)Methyl]-1-Phenyl-1H-Indole-3-Carboxylate	0	-2	-2	8	0	1	1	KCFYEAOKVJSACF-UHFFFAOYSA-N	XADCESSVHJOZHK-UHFFFAOYSA-N		Umifenovir	Meperidine	
VQLRVXZDJJOJTH-UHFFFAOYSA-N	Ac1Meqvk	0	-2	-2	8	0	1	1	KCFYEAOKVJSACF-UHFFFAOYSA-N			Umifenovir		
XSEFYLDFHLGDAZ-UHFFFAOYSA-N	Smr000176614	0	-2	-2	8	0	1	1	KCFYEAOKVJSACF-UHFFFAOYSA-N			Umifenovir		
CMTULHRFXGBDFD-UHFFFAOYSA-N	Mls000104366	0	-2	-2	8	0	1	1	KCFYEAOKVJSACF-UHFFFAOYSA-N			Umifenovir		
YZAYXGOGUNAVBL-UHFFFAOYSA-N	Chembl3260688	0	-2	-2	8	0	1	1	KCFYEAOKVJSACF-UHFFFAOYSA-N			Umifenovir		
PXXBAGPRDBVGPA-UHFFFAOYSA-N	Mls000536338	0	-2	-2	8	0	1	1	KCFYEAOKVJSACF-UHFFFAOYSA-N			Umifenovir		
LLZKFUCDAATXRC-UHFFFAOYSA-N	Smr000041434	0	-2	-2	8	0	1	1	KCFYEAOKVJSACF-UHFFFAOYSA-N			Umifenovir		
WVVNFQKEGWCRFU-UHFFFAOYSA-N	Mls000559927	0	-2	-2	8	0	1	1	KCFYEAOKVJSACF-UHFFFAOYSA-N			Umifenovir		
GEQORWFVFVYZQD-UHFFFAOYSA-N	Chembl3260691	0	-2	-2	8	0	1	1	KCFYEAOKVJSACF-UHFFFAOYSA-N			Umifenovir		
UBMIKLUSHCSWBA-UHFFFAOYSA-N	CID29155747	0	-2	-2	8	0	1	1	KCFYEAOKVJSACF-UHFFFAOYSA-N	ACGUYXCXAPNIKK-UHFFFAOYSA-N		Umifenovir	Hexachlorophene	
MQHUFUXBAXMQAM-UHFFFAOYSA-N	MQHUFUXBAXMQAM-UHFFFAOYSA-N	0	-2	-2	8	0	1	1	KCFYEAOKVJSACF-UHFFFAOYSA-N			Umifenovir		
XUTSPRNFWFULEQ-UHFFFAOYSA-N	Smr000036143	0	-2	-2	8	0	1	1	KCFYEAOKVJSACF-UHFFFAOYSA-N			Umifenovir		
CXCWEVZTMHDHDI-UHFFFAOYSA-N	Ethyl 4-[(Dimethylamino)Methyl]-5-Hydroxy-1,2-Dimethyl-1H-Indole-3-Carboxylate	0	-2	-2	8	0	1	1	KCFYEAOKVJSACF-UHFFFAOYSA-N			Umifenovir		
DZNUGTAORJCSFT-UHFFFAOYSA-N	Ac1M7Nbe	0	-2	-2	8	0	1	1	KCFYEAOKVJSACF-UHFFFAOYSA-N			Umifenovir		
DYDZJJIFDLQOAX-UHFFFAOYSA-N	Mls000729277	0	-2	-2	8	0	1	1	KCFYEAOKVJSACF-UHFFFAOYSA-N			Umifenovir		
CEWHGTOGQLLMTK-UHFFFAOYSA-N	CID24205842	0	-2	-2	8	0	1	1	KCFYEAOKVJSACF-UHFFFAOYSA-N			Umifenovir		
FTBSQBKUYKATOD-UHFFFAOYSA-N	Ac1Lcxwo	0	-2	-2	8	0	1	1	KCFYEAOKVJSACF-UHFFFAOYSA-N			Umifenovir		
ITOIFNLYKDMKOA-UHFFFAOYSA-N	Smr000123935	0	-2	-2	8	0	1	1	KCFYEAOKVJSACF-UHFFFAOYSA-N			Umifenovir		
OPXJWUMCOASDQH-UHFFFAOYSA-N	F0745-0384	0	-2	-2	8	0	1	1	KCFYEAOKVJSACF-UHFFFAOYSA-N			Umifenovir		
TTWDUMRLHQJUFV-UHFFFAOYSA-N	1,4-Bis(Phenylsulfanylmethyl)Benzene	0	-2	-2	8	0	1	1	KCFYEAOKVJSACF-UHFFFAOYSA-N			Umifenovir		
QOMJXOZGZZSHKH-UHFFFAOYSA-N	Mls000591681	0	-2	-2	8	0	1	1	KCFYEAOKVJSACF-UHFFFAOYSA-N			Umifenovir		
DCACUALOKCQKSV-UHFFFAOYSA-N	Chembl3260687	0	-2	-2	8	0	1	1	KCFYEAOKVJSACF-UHFFFAOYSA-N			Umifenovir		
IMBFQSVRAQORJX-UHFFFAOYSA-N	Chembl3260682	0	-2	-2	8	0	1	1	KCFYEAOKVJSACF-UHFFFAOYSA-N			Umifenovir		
RJXSUDNVAHALJK-UHFFFAOYSA-N	Chemdiv1_010450	0	-2	-2	8	0	1	1	KCFYEAOKVJSACF-UHFFFAOYSA-N			Umifenovir		
OGIYSCPAAKBDBK-UHFFFAOYSA-N	Chembl3260685	0	-2	-2	8	0	1	1	KCFYEAOKVJSACF-UHFFFAOYSA-N			Umifenovir		
YABICWGRDOCOPQ-UHFFFAOYSA-N	Smr000020597	0	-2	-2	8	0	1	1	KCFYEAOKVJSACF-UHFFFAOYSA-N			Umifenovir		
VZWKDYHNAFXALD-UHFFFAOYSA-N	Mls001029434	0	-2	-2	8	0	1	1	KCFYEAOKVJSACF-UHFFFAOYSA-N			Umifenovir		
MBGJCPFICKYQPF-UHFFFAOYSA-N	MBGJCPFICKYQPF-UHFFFAOYSA-N	0	-2	-2	4	0	0	1	KCFYEAOKVJSACF-UHFFFAOYSA-N			Umifenovir		
XFFNEQAANDROFF-UHFFFAOYSA-N	Mls000334331	0	-2	-2	4	0	0	1	KCFYEAOKVJSACF-UHFFFAOYSA-N			Umifenovir		
JDZUSQRPHGPYTI-UHFFFAOYSA-N	Ac1Lpymx	0	-2	-2	4	0	0	1	KCFYEAOKVJSACF-UHFFFAOYSA-N			Umifenovir		
NLLQNXSGUDBXRT-UHFFFAOYSA-N	Stk235566	0	-2	-2	4	0	0	1	KCFYEAOKVJSACF-UHFFFAOYSA-N			Umifenovir		
FAEJFYNQWIHUQJ-UHFFFAOYSA-N	Smr000197383	0	-2	-2	4	0	0	1	KCFYEAOKVJSACF-UHFFFAOYSA-N			Umifenovir		
CICOZWHZVMOPJS-UHFFFAOYSA-N	20640-68-0	0	-2	-2	4	0	0	1	KCFYEAOKVJSACF-UHFFFAOYSA-N			Umifenovir		
LQDRZORSPLRALP-UHFFFAOYSA-N	Chembl2441904	0	-2	-2	4	0	0	1	KCFYEAOKVJSACF-UHFFFAOYSA-N			Umifenovir		
ZACQZPFYAPCEBH-UHFFFAOYSA-N	Mls000538498	0	-2	-2	4	0	0	1	KCFYEAOKVJSACF-UHFFFAOYSA-N			Umifenovir		
NYDCTQAKUDECSW-UHFFFAOYSA-N	5M-346S	0	-2	-2	4	0	0	1	FOQRKFCLRMMKAT-UHFFFAOYSA-N	KCFYEAOKVJSACF-UHFFFAOYSA-N		Pd144418	Umifenovir	
RXHDZNNTRRFABJ-UHFFFAOYSA-N	Chembl425954	0	-2	-2	4	0	0	1	KCFYEAOKVJSACF-UHFFFAOYSA-N			Umifenovir		
JYLBWKWLECJJOJ-UHFFFAOYSA-N	Molport-000-804-532	0	-2	-2	4	0	0	1	KCFYEAOKVJSACF-UHFFFAOYSA-N			Umifenovir		
AMAGYMMOMFURAL-UHFFFAOYSA-N	F2537-1269	0	-2	-2	4	0	0	1	KCFYEAOKVJSACF-UHFFFAOYSA-N			Umifenovir		
MDGLBXLWXXWTIJ-UHFFFAOYSA-N	Nsc88852	0	-2	-2	4	0	0	1	KCFYEAOKVJSACF-UHFFFAOYSA-N	DOMXUEMWDBAQBQ-UHFFFAOYSA-N		Umifenovir	Terbinafine	
SHVNKFLMTVCAFS-UHFFFAOYSA-N	Bas 01918477	0	-2	-2	4	0	0	1	KCFYEAOKVJSACF-UHFFFAOYSA-N			Umifenovir		
BEMFOVSLUQIMMU-UHFFFAOYSA-N	Smr000451119	0	-2	-2	4	0	0	1	KCFYEAOKVJSACF-UHFFFAOYSA-N			Umifenovir		
SLTKADCMEWMODA-UFFVCSGVSA-N	Mls001139265	0	-2	-2	4	0	0	1	KCFYEAOKVJSACF-UHFFFAOYSA-N			Umifenovir		
CRSZEDOZGJPOHP-UHFFFAOYSA-N	26-dibromo-4-phenoxyphenol	1	-2	-2	4	0	0	1	KCFYEAOKVJSACF-UHFFFAOYSA-N			Umifenovir		
BYMBXVDUMFYTBP-UHFFFAOYSA-N	Chembl2204757	0	-2	-2	4	0	0	1	KCFYEAOKVJSACF-UHFFFAOYSA-N			Umifenovir		
NMONIVDHRRRWGP-UHFFFAOYSA-N	F1736-0861	0	-2	-2	4	0	0	1	KCFYEAOKVJSACF-UHFFFAOYSA-N			Umifenovir		
IEFSLWBEJOZUNQ-UHFFFAOYSA-N	Nsc689000	0	-2	-2	4	0	0	1	KCFYEAOKVJSACF-UHFFFAOYSA-N			Umifenovir		
JAPBALWUJAIERZ-UHFFFAOYSA-N	Gnf-Pf-3651	0	-2	-2	4	0	0	1	KCFYEAOKVJSACF-UHFFFAOYSA-N			Umifenovir		
IEAWAELQXKPWMK-XUTLUUPISA-N	Chembl264197	0	-2	-2	4	0	0	1	KCFYEAOKVJSACF-UHFFFAOYSA-N			Umifenovir		
SPHURQMCZFEADU-UHFFFAOYSA-N	Chembl2347358	0	-2	-2	4	0	0	1	KCFYEAOKVJSACF-UHFFFAOYSA-N			Umifenovir		
LKZYFKFAKABQJN-UHFFFAOYSA-N	Chembl163144	0	-2	-2	4	0	0	1	KCFYEAOKVJSACF-UHFFFAOYSA-N	UCJGJABZCDBEDK-UHFFFAOYSA-N		Umifenovir	Bazedoxifene	
DGTIEXDBQRVGSQ-UHFFFAOYSA-N	Ethyl 1-Benzyl-5-Hydroxy-2-Methyl-1H-Indole-3-Carboxylate	0	-2	-2	4	0	0	1	UCJGJABZCDBEDK-UHFFFAOYSA-N	KCFYEAOKVJSACF-UHFFFAOYSA-N		Bazedoxifene	Umifenovir	
PVZLSZVJARPVTO-UHFFFAOYSA-N	F1821-0486	0	-2	-2	4	0	0	1	KCFYEAOKVJSACF-UHFFFAOYSA-N			Umifenovir		
BRWYIVVRBSLDDK-UHFFFAOYSA-N	Mls000685459	0	-2	-2	4	0	0	1	KCFYEAOKVJSACF-UHFFFAOYSA-N			Umifenovir		
XYJIAOBZIHRGLX-UHFFFAOYSA-N	Chembl171575	0	-2	-2	4	0	0	1	KCFYEAOKVJSACF-UHFFFAOYSA-N			Umifenovir		
LDKXUCOQMBFBAS-UHFFFAOYSA-N	Stk160916	0	-2	-2	4	0	0	1	KCFYEAOKVJSACF-UHFFFAOYSA-N			Umifenovir		
NFLNLUVIAALVQM-UHFFFAOYSA-N	Chembl519847	0	-2	-2	4	0	0	1	KCFYEAOKVJSACF-UHFFFAOYSA-N			Umifenovir		
VRXBYMJLBWZPCK-UHFFFAOYSA-N	Ac1Mfrzu	0	-2	-2	4	0	0	1	KCFYEAOKVJSACF-UHFFFAOYSA-N			Umifenovir		
ZTXSVCNYFKOGBX-UHFFFAOYSA-N	Iw1	0	-2	-2	4	0	0	1	KCFYEAOKVJSACF-UHFFFAOYSA-N	ACGUYXCXAPNIKK-UHFFFAOYSA-N		Umifenovir	Hexachlorophene	
UMRHYDBDVRJOIR-UHFFFAOYSA-N	Chembl2420420	0	-2	-2	4	0	0	1	KCFYEAOKVJSACF-UHFFFAOYSA-N			Umifenovir		
AFWUHDKGNJUUKF-UHFFFAOYSA-N	Nsc720180	0	-2	-2	4	0	0	1	KCFYEAOKVJSACF-UHFFFAOYSA-N			Umifenovir		
XSBSXJAYEPDGSF-UHFFFAOYSA-N	2436-79-5	0	-2	-2	4	0	0	1	KCFYEAOKVJSACF-UHFFFAOYSA-N			Umifenovir		
GLTFOWODAVBTIS-UHFFFAOYSA-N	Ac1M35F6	0	-2	-2	4	0	0	1	XFCLJVABOIYOMF-QPLCGJKRSA-N	KCFYEAOKVJSACF-UHFFFAOYSA-N		Toremifene	Umifenovir	
GLWJXRWRWISHMX-UHFFFAOYSA-N	6969-14-8	0	-2	-2	4	0	0	1	KCFYEAOKVJSACF-UHFFFAOYSA-N			Umifenovir		
LBGMVTYMAWIENW-UHFFFAOYSA-N	Ac1M6Yeq	0	-2	-2	4	0	0	1	KCFYEAOKVJSACF-UHFFFAOYSA-N			Umifenovir		
ZBPBCBBNRBTRNF-UHFFFAOYSA-N	Mls001116499	0	-2	-2	4	0	0	1	KCFYEAOKVJSACF-UHFFFAOYSA-N			Umifenovir		
JXIHOBQBBZSVPO-ODCIPOBUSA-N	Mls001142890	0	-2	-2	4	0	0	1	KCFYEAOKVJSACF-UHFFFAOYSA-N			Umifenovir		
VRXSFHGDPQHWSQ-UHFFFAOYSA-N	Mls000531857	0	-2	-2	4	0	0	1	KCFYEAOKVJSACF-UHFFFAOYSA-N	UCJGJABZCDBEDK-UHFFFAOYSA-N		Umifenovir	Bazedoxifene	
ROFWQDFXMHEXLH-UHFFFAOYSA-N	Smr000143812	0	-2	-2	4	0	0	1	KCFYEAOKVJSACF-UHFFFAOYSA-N			Umifenovir		
WYIQYOLDMRCQIO-UHFFFAOYSA-N	St50720170	0	-2	-2	4	0	0	1	KCFYEAOKVJSACF-UHFFFAOYSA-N			Umifenovir		
MIGILBRMELSWJT-UHFFFAOYSA-N	Ethyl 2,6-Dihydroxybenzoate	0	-2	-2	4	0	0	1	KCFYEAOKVJSACF-UHFFFAOYSA-N	VSZGPKBBMSAYNT-RRFJBIMHSA-N		Umifenovir	Oseltamivir	
CBKSERCTZRBBQN-UHFFFAOYSA-N	Bdbm50014007	0	-2	-2	4	0	0	1	KCFYEAOKVJSACF-UHFFFAOYSA-N			Umifenovir		
QWCWADOTFKCLFA-UHFFFAOYSA-N	Stk323482	0	-2	-2	4	0	0	1	KCFYEAOKVJSACF-UHFFFAOYSA-N			Umifenovir		
KMQZJSWHVLEQPP-UHFFFAOYSA-N	Ah-262/08422040	0	-2	-2	4	0	0	1	KCFYEAOKVJSACF-UHFFFAOYSA-N			Umifenovir		
YEDPXONTBBNJAE-DJKKODMXSA-N	Mls001139246	0	-2	-2	4	0	0	1	KCFYEAOKVJSACF-UHFFFAOYSA-N			Umifenovir		
BHTMVLRRQFEPEN-UHFFFAOYSA-N	Ac1Lodgq	0	-2	-2	4	0	0	1	KCFYEAOKVJSACF-UHFFFAOYSA-N			Umifenovir		
LIKRPCBMOHAHGJ-UHFFFAOYSA-N	Smr000107816	0	-2	-2	4	0	0	1	KCFYEAOKVJSACF-UHFFFAOYSA-N			Umifenovir		
VZVYGYHPEJFHFM-UHFFFAOYSA-N	Mls001163765	0	-2	-2	4	0	0	1	KCFYEAOKVJSACF-UHFFFAOYSA-N			Umifenovir		
OXNVBEVXJYFDAO-UHFFFAOYSA-N	Chembl100827	0	-2	-2	4	0	0	1	KCFYEAOKVJSACF-UHFFFAOYSA-N			Umifenovir		
VBFTXXHPIFTWFK-UHFFFAOYSA-N	Stk111356	0	-2	-2	4	0	0	1	KCFYEAOKVJSACF-UHFFFAOYSA-N			Umifenovir		
JAQYNEFFVWKPIK-UHFFFAOYSA-N	Ac1Ofn8V	0	-2	-2	4	0	0	1	KCFYEAOKVJSACF-UHFFFAOYSA-N			Umifenovir		
WQDZEUPJKGWIEH-UHFFFAOYSA-N	Ac1Liu5I	0	-2	-2	4	0	0	1	KCFYEAOKVJSACF-UHFFFAOYSA-N			Umifenovir		
LHEPIWXZPHSQBP-UHFFFAOYSA-N	Ak-968/15256696	0	-2	-2	4	0	0	1	KCFYEAOKVJSACF-UHFFFAOYSA-N			Umifenovir		
VLDLZNMMJZDXGG-BMRADRMJSA-N	Chembl123862	0	-2	-2	4	0	0	1	KCFYEAOKVJSACF-UHFFFAOYSA-N			Umifenovir		
QWCNOXMFNSYEKF-UHFFFAOYSA-N	Chembl100508	0	-2	-2	4	0	0	1	KCFYEAOKVJSACF-UHFFFAOYSA-N			Umifenovir		
FPZGIWVGNXSVPS-UHFFFAOYSA-N	Chembl1091445	0	-2	-2	4	0	0	1	KCFYEAOKVJSACF-UHFFFAOYSA-N			Umifenovir		
UCZCHDINMZWYIQ-UHFFFAOYSA-N	Diethyl 2,5-Diaminothiophene-3,4-Dicarboxylate	0	-2	-2	4	0	0	1	KCFYEAOKVJSACF-UHFFFAOYSA-N	VSZGPKBBMSAYNT-RRFJBIMHSA-N		Umifenovir	Oseltamivir	
DXVJHIBEXPVCDQ-UHFFFAOYSA-N	Ethyl 6-Bromo-5-Hydroxy-2-(4-Methoxyphenyl)-1-Benzofuran-3-Carboxylate	0	-2	-2	4	0	0	1	KCFYEAOKVJSACF-UHFFFAOYSA-N			Umifenovir		
MHCVYAFXPIMYRD-UHFFFAOYSA-N	1,2-Bis(Phenylthio)Ethane	0	-2	-2	4	0	0	1	KCFYEAOKVJSACF-UHFFFAOYSA-N			Umifenovir		
XXBDWLFCJWSEKW-UHFFFAOYSA-N	N,N-Dimethylbenzylamine	0	-2	-2	4	0	0	1	KCFYEAOKVJSACF-UHFFFAOYSA-N			Umifenovir		
MAFSPAYMPQWVRE-UHFFFAOYSA-N	Chembl3355957	0	-2	-2	4	0	0	1	KCFYEAOKVJSACF-UHFFFAOYSA-N			Umifenovir		
JBTRUPZYRYLZFH-UHFFFAOYSA-N	Nsc673423	0	-2	-2	4	0	0	1	KCFYEAOKVJSACF-UHFFFAOYSA-N			Umifenovir		
KSIZMUBFKCWQRO-UHFFFAOYSA-N	Ethyl 2-Amino-6-Bromo-7-Ethoxy-1-Benzothiophene-3-Carboxylate	0	-2	-2	4	0	0	1	KCFYEAOKVJSACF-UHFFFAOYSA-N			Umifenovir		
OHSYNASUNTWEJQ-UHFFFAOYSA-N	Chembl1514304	0	-2	-2	4	0	0	1	KCFYEAOKVJSACF-UHFFFAOYSA-N			Umifenovir		
ZRWBLUCDUSOAFY-UHFFFAOYSA-N	Mls001124950	0	-2	-2	4	0	0	1	KCFYEAOKVJSACF-UHFFFAOYSA-N			Umifenovir		
ZGURXFGYWGGHJN-UHFFFAOYSA-N	Bas 02824703	0	-2	-2	4	0	0	1	KCFYEAOKVJSACF-UHFFFAOYSA-N			Umifenovir		
XYJWZPBOPQEQRO-UHFFFAOYSA-N	2-Methyl-6-[(Phenylsulfanyl)Methyl]-4-Pyrimidinol	0	-2	-2	4	0	0	1	KCFYEAOKVJSACF-UHFFFAOYSA-N			Umifenovir		
ORQJIVSPWGJCOJ-UHFFFAOYSA-N	Mls000662647	0	-2	-2	4	0	0	1	REQCZEXYDRLIBE-UHFFFAOYSA-N	KCFYEAOKVJSACF-UHFFFAOYSA-N		Procainamide	Umifenovir	
IZOLBHAYHCRRHJ-UHFFFAOYSA-N	Ethyl 2-(3-Nitrophenyl)-1-Indolizinecarboxylate	0	-2	-2	4	0	0	1	KCFYEAOKVJSACF-UHFFFAOYSA-N			Umifenovir		
JJABWYFSIMYYRT-GDNBJRDFSA-N	Chembl490780	0	-2	-2	4	0	0	1	KCFYEAOKVJSACF-UHFFFAOYSA-N			Umifenovir		
XSAQOBRDPCKKIW-UHFFFAOYSA-N	XSAQOBRDPCKKIW-UHFFFAOYSA-N	0	-2	-2	4	0	0	1	KCFYEAOKVJSACF-UHFFFAOYSA-N			Umifenovir		
KSHXYSCRQMFKFW-UHFFFAOYSA-N	Mls000769213	0	-2	-2	4	0	0	1	KCFYEAOKVJSACF-UHFFFAOYSA-N	VSZGPKBBMSAYNT-RRFJBIMHSA-N		Umifenovir	Oseltamivir	
BFQQUBLIUNMFTG-UHFFFAOYSA-N	Chembl14926	0	-2	-2	4	0	0	1	KCFYEAOKVJSACF-UHFFFAOYSA-N			Umifenovir		
OZTUXCLXLFZABS-ZCXUNETKSA-N	OZTUXCLXLFZABS-ZCXUNETKSA-N	0	-2	-2	4	0	0	1	KCFYEAOKVJSACF-UHFFFAOYSA-N	HLFSDGLLUJUHTE-SNVBAGLBSA-N		Umifenovir	Levamisole	
GUOBGIGORNBZEV-UHFFFAOYSA-N	Chembl573252	0	-2	-2	4	0	0	1	KCFYEAOKVJSACF-UHFFFAOYSA-N			Umifenovir		
FWZFIRRSDKNWBE-REZTVBANSA-N	FWZFIRRSDKNWBE-REZTVBANSA-N	0	-2	-2	4	0	0	1	KCFYEAOKVJSACF-UHFFFAOYSA-N			Umifenovir		
HJUQEHMVHMIPBW-UHFFFAOYSA-N	Mls-0205060.0001	0	-2	-2	4	0	0	1	KCFYEAOKVJSACF-UHFFFAOYSA-N			Umifenovir		
MCLMHKJKORVGTP-UHFFFAOYSA-N	Chembl2158329	0	-2	-2	4	0	0	1	KCFYEAOKVJSACF-UHFFFAOYSA-N			Umifenovir		
LVGYKOOZMGBEPS-UHFFFAOYSA-N	LVGYKOOZMGBEPS-UHFFFAOYSA-N	0	-2	-2	4	0	0	1	KCFYEAOKVJSACF-UHFFFAOYSA-N			Umifenovir		
UOGZZDLPFGQPGB-UHFFFAOYSA-N	Smr000162014	0	-2	-2	4	0	0	1	KCFYEAOKVJSACF-UHFFFAOYSA-N			Umifenovir		
DJZGATKZFGRTOV-UHFFFAOYSA-N	Mls001077722	0	-2	-2	4	0	0	1	KCFYEAOKVJSACF-UHFFFAOYSA-N			Umifenovir		
MYTHNDKCZXMZFF-UHFFFAOYSA-N	Mls000575194	0	-2	-2	4	0	0	1	KCFYEAOKVJSACF-UHFFFAOYSA-N			Umifenovir		
VAEOYKXLQSXTRL-UHFFFAOYSA-N	Chembl187958	0	-2	-2	4	0	0	1	KCFYEAOKVJSACF-UHFFFAOYSA-N			Umifenovir		
WRGNVNARAOOQBH-UHFFFAOYSA-N	Smr000196184	0	-2	-2	4	0	0	1	KCFYEAOKVJSACF-UHFFFAOYSA-N			Umifenovir		
LYNMSNVSHNPELF-UHFFFAOYSA-N	Chembl3585590	0	-2	-2	4	0	0	1	KCFYEAOKVJSACF-UHFFFAOYSA-N			Umifenovir		
OXPGXCQFUDLETC-UHFFFAOYSA-N	Mls000595146	0	-2	-2	4	0	0	1	KCFYEAOKVJSACF-UHFFFAOYSA-N			Umifenovir		
YYBYCBOPPNOBID-UHFFFAOYSA-N	Chembl23911	0	-2	-2	4	0	0	1	KCFYEAOKVJSACF-UHFFFAOYSA-N			Umifenovir		
LRJYCOXCGLJCLI-UHFFFAOYSA-N	Ae-641/00584004	0	-2	-2	4	0	0	1	KCFYEAOKVJSACF-UHFFFAOYSA-N			Umifenovir		
COZBGFUHIPXOOR-UHFFFAOYSA-N	Chembl109290	0	-2	-2	4	0	0	1	KCFYEAOKVJSACF-UHFFFAOYSA-N			Umifenovir		
NZJMPRWFAYDJQK-UHFFFAOYSA-N	NZJMPRWFAYDJQK-UHFFFAOYSA-N	0	-2	-2	4	0	0	1	KCFYEAOKVJSACF-UHFFFAOYSA-N			Umifenovir		
MNOASTLHTGPZOE-VBKFSLOCSA-N	St085120	0	-2	-2	4	0	0	1	KCFYEAOKVJSACF-UHFFFAOYSA-N			Umifenovir		
OCWMGHXUVBAPIR-UHFFFAOYSA-N	Chembl2420396	0	-2	-2	4	0	0	1	KCFYEAOKVJSACF-UHFFFAOYSA-N			Umifenovir		
AJPALZYAKSQXKU-UHFFFAOYSA-N	4-Bromo-N-{2-Methyl-4-[(Phenylsulfanyl)Methyl]Phenyl}Benzamide	0	-2	-2	4	0	0	1	KCFYEAOKVJSACF-UHFFFAOYSA-N			Umifenovir		
LSMMQGJPNNFZFL-UHFFFAOYSA-N	Chembl106218	0	-2	-2	4	0	0	1	KCFYEAOKVJSACF-UHFFFAOYSA-N			Umifenovir		
NMYQGMYVHOKQSQ-UHFFFAOYSA-N	CID28923382	0	-2	-2	4	0	0	1	KCFYEAOKVJSACF-UHFFFAOYSA-N			Umifenovir		
LFULPIMTPGHCJK-UHFFFAOYSA-N	Chembl1435691	0	-2	-2	4	0	0	1	KCFYEAOKVJSACF-UHFFFAOYSA-N			Umifenovir		
HTDLKXUYRWUXNQ-UHFFFAOYSA-N	Chembl2420393	0	-2	-2	4	0	0	1	KCFYEAOKVJSACF-UHFFFAOYSA-N			Umifenovir		
LKPYABHGOOCEBW-UHFFFAOYSA-N	Ac1L1Hia	0	-2	-2	4	0	0	1	KCFYEAOKVJSACF-UHFFFAOYSA-N			Umifenovir		
NXWKUYHUNKLFAC-UHFFFAOYSA-N	Mls000537330	0	-2	-2	4	0	0	1	KCFYEAOKVJSACF-UHFFFAOYSA-N			Umifenovir		
XEXFECRCBWCTCV-UHFFFAOYSA-N	Sri 8451	0	-2	-2	4	0	0	1	KCFYEAOKVJSACF-UHFFFAOYSA-N			Umifenovir		
YMPDEXKLHUQFLY-UHFFFAOYSA-N	Mls000562924	0	-2	-2	4	0	0	1	KCFYEAOKVJSACF-UHFFFAOYSA-N			Umifenovir		
LRQSNZUJSZYTLD-UHFFFAOYSA-N	Smr000042788	0	-2	-2	4	0	0	1	KCFYEAOKVJSACF-UHFFFAOYSA-N			Umifenovir		
LPXDZRWLLCZGLJ-UHFFFAOYSA-N	Mls002694924	0	-2	-2	4	0	0	1	KCFYEAOKVJSACF-UHFFFAOYSA-N			Umifenovir		
YJWATSWCGVZYHU-ZBVBGGFBSA-N	Mls000862900	0	-2	-2	4	0	0	1	KCFYEAOKVJSACF-UHFFFAOYSA-N			Umifenovir		
DECPXWOQZCMYMS-UHFFFAOYSA-N	Ae-641/00605026	0	-2	-2	4	0	0	1	KCFYEAOKVJSACF-UHFFFAOYSA-N			Umifenovir		
JXCCZHPJVVEUBY-UHFFFAOYSA-N	Chembl1395945	0	-2	-2	4	0	0	1	KCFYEAOKVJSACF-UHFFFAOYSA-N			Umifenovir		
CEEHIKQKZBQZLL-UHFFFAOYSA-N	Chembl1784725	0	-2	-2	4	0	0	1	KCFYEAOKVJSACF-UHFFFAOYSA-N			Umifenovir		
MGANXFCEXFAGHB-UHFFFAOYSA-N	Methyl 4,5-Dimethoxy-2-{[(Phenylsulfanyl)Acetyl]Amino}Benzoate	0	-2	-2	4	0	0	1	KCFYEAOKVJSACF-UHFFFAOYSA-N			Umifenovir		
NQJHFLUEOZCKTN-UHFFFAOYSA-N	St50835324	0	-2	-2	4	0	0	1	KCFYEAOKVJSACF-UHFFFAOYSA-N			Umifenovir		
BYBXJRFAEPGDLK-UHFFFAOYSA-N	Ethyl 5-Acetyl-2-Amino-4-Methylthiophene-3-Carboxylate	0	-2	-2	4	0	0	1	VSZGPKBBMSAYNT-RRFJBIMHSA-N	KCFYEAOKVJSACF-UHFFFAOYSA-N		Oseltamivir	Umifenovir	
PUNBKPUNSDCBMR-UHFFFAOYSA-N	Mls000409089	0	-2	-2	4	0	0	1	BPBPYQWMFCTCNG-UHFFFAOYSA-N	KCFYEAOKVJSACF-UHFFFAOYSA-N		PX-12	Umifenovir	
OHKIVMBUIMVGTO-UHFFFAOYSA-N	Mls000391698	0	-2	-2	4	0	0	1	KCFYEAOKVJSACF-UHFFFAOYSA-N			Umifenovir		
DVDPJTQYPDQEJF-UHFFFAOYSA-N	Chembl2420414	0	-2	-2	4	0	0	1	KCFYEAOKVJSACF-UHFFFAOYSA-N			Umifenovir		
HBARXHJNGNDQAS-UHFFFAOYSA-N	Mls000684803	0	-2	-2	4	0	0	1	KCFYEAOKVJSACF-UHFFFAOYSA-N			Umifenovir		
NAYMIPUFIQUKOS-UHFFFAOYSA-N	Ethyl 5-Hydroxy-2-Methylnaphtho[1,2-B]Furan-3-Carboxylate	0	-2	-2	4	0	0	1	KCFYEAOKVJSACF-UHFFFAOYSA-N			Umifenovir		
XEYANNMNRFTJKP-UHFFFAOYSA-N	Mls001029481	0	-2	-2	4	0	0	1	KCFYEAOKVJSACF-UHFFFAOYSA-N			Umifenovir		
AJNMXMZCRHTBEH-UHFFFAOYSA-N	2-Methyl-3-N,N-Dimethylaminomethylindole	0	-2	-2	4	0	0	1	KCFYEAOKVJSACF-UHFFFAOYSA-N			Umifenovir		
FNGCRYAMOUMXPF-UHFFFAOYSA-N	N-Methyl-4-[(4-Methylphenyl)Sulfanylmethyl]Aniline	0	-2	-2	4	0	0	1	KCFYEAOKVJSACF-UHFFFAOYSA-N			Umifenovir		
ITNAPFRPMFFTNV-UHFFFAOYSA-N	Mls000581706	0	-2	-2	4	0	0	1	KCFYEAOKVJSACF-UHFFFAOYSA-N			Umifenovir		
KYRPSQSBZDUXBU-UHFFFAOYSA-N	Smr000155762	0	-2	-2	4	0	0	1	KCFYEAOKVJSACF-UHFFFAOYSA-N			Umifenovir		
NNZAAVIYYYNWKW-CXUHLZMHSA-N	NNZAAVIYYYNWKW-CXUHLZMHSA-N	0	-2	-2	4	0	0	1	KCFYEAOKVJSACF-UHFFFAOYSA-N			Umifenovir		
DTZYZGPKFQRWFG-UHFFFAOYSA-N	Mls000062028	0	-2	-2	4	0	0	1	KCFYEAOKVJSACF-UHFFFAOYSA-N			Umifenovir		
ZSUXMLKUZFNAQX-UHFFFAOYSA-N	Ethyl 2-(4-Chlorophenyl)-1-Indolizinecarboxylate	0	-2	-2	4	0	0	1	KCFYEAOKVJSACF-UHFFFAOYSA-N			Umifenovir		
LYVMWQXBOGNVNA-UHFFFAOYSA-N	Ethyl 2-Amino-5-[(Dimethylamino)Carbonyl]-4-(Morpholin-4-Ylmethyl)Thiophene-3-Carboxylate	0	-2	-2	4	0	0	1	KCFYEAOKVJSACF-UHFFFAOYSA-N			Umifenovir		
SGMDGOLKNAWMFH-UHFFFAOYSA-N	5J-519S	0	-2	-2	4	0	0	1	KCFYEAOKVJSACF-UHFFFAOYSA-N			Umifenovir		
PHWAJJWKNLWZGJ-UHFFFAOYSA-N	3,5-Dibromo-4-Hydroxybenzoic Acid	0	-2	-2	4	0	0	1	KCFYEAOKVJSACF-UHFFFAOYSA-N			Umifenovir		
PNCYQEPCKYNHPP-UHFFFAOYSA-N	Chembl298084	0	-2	-2	4	0	0	1	KCFYEAOKVJSACF-UHFFFAOYSA-N			Umifenovir		
FJCXJDYIKMDJRN-UHFFFAOYSA-N	Nsc327447	0	-2	-2	4	0	0	1	KCFYEAOKVJSACF-UHFFFAOYSA-N			Umifenovir		
JKMJAMSOMNXGDM-UHFFFAOYSA-N	11L-580S	0	-2	-2	4	0	0	1	KCFYEAOKVJSACF-UHFFFAOYSA-N			Umifenovir		
NNWNQVMEKRJJMU-UHFFFAOYSA-N	Ac1M4Lnr	0	-2	-2	4	0	0	1	KCFYEAOKVJSACF-UHFFFAOYSA-N			Umifenovir		
SZYXMSGTJCXHPH-UHFFFAOYSA-N	Ethyl 2-(3-Aminophenyl)-1-Indolizinecarboxylate	0	-2	-2	4	0	0	1	KCFYEAOKVJSACF-UHFFFAOYSA-N			Umifenovir		
PFQMXNNDPXEPEC-UHFFFAOYSA-N	2-[(Phenylsulfanyl)Methyl][1]Benzofuro[3,2-D]Pyrimidin-4(3H)-One	0	-2	-2	4	0	0	1	JJWLXRKVUJDJKG-VIFPVBQESA-N	KCFYEAOKVJSACF-UHFFFAOYSA-N		BMS-863233	Umifenovir	
XVEFATOYDIPIFP-UHFFFAOYSA-N	N-(2-Bromophenyl)-3-[(4-Methylphenyl)Sulfanyl]Propanamide	0	-2	-2	4	0	0	1	KCFYEAOKVJSACF-UHFFFAOYSA-N			Umifenovir		
OQIUARVSMXHUCY-UHFFFAOYSA-N	OQIUARVSMXHUCY-UHFFFAOYSA-N	0	-2	-2	4	0	0	1	KCFYEAOKVJSACF-UHFFFAOYSA-N			Umifenovir		
WSESCUVCCYFWTL-UHFFFAOYSA-N	Smr000146435	0	-2	-2	4	0	0	1	ZPEIMTDSQAKGNT-UHFFFAOYSA-N	KCFYEAOKVJSACF-UHFFFAOYSA-N		Chlorpromazine	Umifenovir	
YQUSZFGBPBDZGL-UHFFFAOYSA-N	St4109033	0	-2	-2	4	0	0	1	KCFYEAOKVJSACF-UHFFFAOYSA-N			Umifenovir		
WWVQLEMJBXHDDN-UHFFFAOYSA-N	N-[3-Fluoro-4-(4-Methylpiperazino)Phenyl]-2-(Phenylsulfanyl)Acetamide	0	-2	-2	4	0	0	1	TYZROVQLWOKYKF-ZDUSSCGKSA-N	KCFYEAOKVJSACF-UHFFFAOYSA-N		Linezolid	Umifenovir	
QERPLXGPAAXKLD-SSDVNMTOSA-N	Mls000333626	0	-2	-2	4	0	0	1	KCFYEAOKVJSACF-UHFFFAOYSA-N			Umifenovir		
KHHVFOKNBWRRMT-UHFFFAOYSA-N	Smr000218699	0	-2	-2	4	0	0	1	KCFYEAOKVJSACF-UHFFFAOYSA-N			Umifenovir		
TVLCSNXSZPUFJH-DNTJNYDQSA-N	Mls001142840	0	-2	-2	4	0	0	1	KCFYEAOKVJSACF-UHFFFAOYSA-N			Umifenovir		
QLZBNEILVQAJCH-UHFFFAOYSA-N	Chembl2420403	0	-2	-2	4	0	0	1	KCFYEAOKVJSACF-UHFFFAOYSA-N			Umifenovir		
LJRKQDRTEDKSAT-UHFFFAOYSA-N	Mls001242881	0	-2	-2	4	0	0	1	KCFYEAOKVJSACF-UHFFFAOYSA-N			Umifenovir		
WSFHBBVSMJIUIQ-UHFFFAOYSA-N	Chembl1399168	0	-2	-2	4	0	0	1	KCFYEAOKVJSACF-UHFFFAOYSA-N			Umifenovir		
SSPAKQIHOCWLBQ-UHFFFAOYSA-N	1-Methyl-3-{[(4-Methylphenyl)Sulfanyl]Methyl}-1H-Pyrazol-5-Ol	0	-2	-2	4	0	0	1	KCFYEAOKVJSACF-UHFFFAOYSA-N			Umifenovir		
UUSBITGVSBSITP-KXQOOQHDSA-N	Chembl2063895	0	-2	-2	4	0	0	1	KCFYEAOKVJSACF-UHFFFAOYSA-N			Umifenovir		
HUXJGSHUVDWZAM-UHFFFAOYSA-N	Ethyl Hematommate	0	-2	-2	4	0	0	1	KCFYEAOKVJSACF-UHFFFAOYSA-N			Umifenovir		
VMNXPUCTWIHZCR-UHFFFAOYSA-N	Mls000532688	0	-2	-2	4	0	0	1	KCFYEAOKVJSACF-UHFFFAOYSA-N			Umifenovir		
LIEFSMJAVJRLBQ-UHFFFAOYSA-N	Chembl609323	0	-2	-2	4	0	0	1	KCFYEAOKVJSACF-UHFFFAOYSA-N			Umifenovir		
GCEQPUDOLRLYRU-UHFFFAOYSA-N	St038077	0	-2	-2	4	0	0	1	KCFYEAOKVJSACF-UHFFFAOYSA-N			Umifenovir		
KXVREXUAKZRPPC-RQZCQDPDSA-N	KXVREXUAKZRPPC-RQZCQDPDSA-N	0	-2	-2	4	0	0	1	KCFYEAOKVJSACF-UHFFFAOYSA-N			Umifenovir		
RDKMGVLZLVAPIO-UHFFFAOYSA-N	N-Phenyl-2-(Phenylsulfanylmethyl)Benzamide	0	-2	-2	4	0	0	1	KCFYEAOKVJSACF-UHFFFAOYSA-N			Umifenovir		
SVHBWBPDAPAXOJ-UHFFFAOYSA-N	Mls001250151	0	-2	-2	4	0	0	1	KCFYEAOKVJSACF-UHFFFAOYSA-N			Umifenovir		
QOSPLXZUQACELF-UHFFFAOYSA-N	Mls001242871	0	-2	-2	4	0	0	1	KCFYEAOKVJSACF-UHFFFAOYSA-N			Umifenovir		
CRONUFGJJBDGQT-UHFFFAOYSA-N	Chembl210351	0	-2	-2	4	0	0	1	KCFYEAOKVJSACF-UHFFFAOYSA-N			Umifenovir		
JTVTYQJGAQTJPU-UHFFFAOYSA-N	JTVTYQJGAQTJPU-UHFFFAOYSA-N	0	-2	-2	4	0	0	1	KCFYEAOKVJSACF-UHFFFAOYSA-N			Umifenovir		
BDCUGNUJKQVACG-UHFFFAOYSA-N	1-(2-Methyl-1H-Indol-3-Yl)-2-Phenylsulfanyl-Ethanone	0	-2	-2	4	0	0	1	KCFYEAOKVJSACF-UHFFFAOYSA-N			Umifenovir		
NMUUESHWDPWHRF-UHFFFAOYSA-N	Mls000877575	0	-2	-2	4	0	0	1	KCFYEAOKVJSACF-UHFFFAOYSA-N			Umifenovir		
KAZXHYKPOGAUNF-MHWRWJLKSA-N	KAZXHYKPOGAUNF-MHWRWJLKSA-N	0	-2	-2	4	0	0	1	KCFYEAOKVJSACF-UHFFFAOYSA-N			Umifenovir		
UASSYBWFSLNNAZ-UHFFFAOYSA-N	Mls000877574	0	-2	-2	4	0	0	1	KCFYEAOKVJSACF-UHFFFAOYSA-N			Umifenovir		
PJLUIJPMTFUWRQ-UHFFFAOYSA-N	Mls001081290	0	-2	-2	4	0	0	1	KCFYEAOKVJSACF-UHFFFAOYSA-N			Umifenovir		
CQGSYTIGBDMLBX-UHFFFAOYSA-N	Chembl1554068	0	-2	-2	4	0	0	1	KCFYEAOKVJSACF-UHFFFAOYSA-N			Umifenovir		
PCPCFQQVMJBHMX-UHFFFAOYSA-N	Chembl2011158	0	-2	-2	4	0	0	1	KCFYEAOKVJSACF-UHFFFAOYSA-N			Umifenovir		
KJSNHXYRMRHIDJ-UHFFFAOYSA-N	Smr000062647	0	-2	-2	4	0	0	1	KCFYEAOKVJSACF-UHFFFAOYSA-N			Umifenovir		
QHLINTGFIHRERO-UHFFFAOYSA-N	Chembl106224	0	-2	-2	4	0	0	1	KCFYEAOKVJSACF-UHFFFAOYSA-N			Umifenovir		
FGZDCYNLBZQQNL-UHFFFAOYSA-N	Bas 06900009	0	-2	-2	4	0	0	1	KCFYEAOKVJSACF-UHFFFAOYSA-N			Umifenovir		
XLCCGJIHBQAHNZ-UHFFFAOYSA-N	Mls001081005	0	-2	-2	4	0	0	1	AUZONCFQVSMFAP-UHFFFAOYSA-N	KCFYEAOKVJSACF-UHFFFAOYSA-N		Disulfiram	Umifenovir	
RFPIBMZCWZLLFV-UHFFFAOYSA-N	Nsc671268	0	-2	-2	4	0	0	1	KCFYEAOKVJSACF-UHFFFAOYSA-N			Umifenovir		
BHXURLPFVOLSSQ-UHFFFAOYSA-N	Mls001151141	0	-2	-2	4	0	0	1	KCFYEAOKVJSACF-UHFFFAOYSA-N			Umifenovir		
SUBYSPGCBJHMAW-UHFFFAOYSA-N	Smr000028832	0	-2	-2	4	0	0	1	KCFYEAOKVJSACF-UHFFFAOYSA-N			Umifenovir		
BWVZISVNVMKJBZ-UHFFFAOYSA-N	Ac1M7Ag7	0	-2	-2	4	0	0	1	KCFYEAOKVJSACF-UHFFFAOYSA-N			Umifenovir		
CNYJEDAHPDLJTB-UHFFFAOYSA-N	Chembl568448	0	-2	-2	4	0	0	1	KCFYEAOKVJSACF-UHFFFAOYSA-N			Umifenovir		
QVYMHIWFLMOMDP-UHFFFAOYSA-N	Ac1Mca0K	0	-2	-2	4	0	0	1	GCWIQUVXWZWCLE-INIZCTEOSA-N	KCFYEAOKVJSACF-UHFFFAOYSA-N		Cpi-0610	Umifenovir	
FNCQPVSOSUVAHX-UHFFFAOYSA-N	Ac1M5Qqo	0	-2	-2	4	0	0	1	KCFYEAOKVJSACF-UHFFFAOYSA-N			Umifenovir		
JRCSAKBNGXSAGM-UHFFFAOYSA-N	Chembl3355958	0	-2	-2	4	0	0	1	KCFYEAOKVJSACF-UHFFFAOYSA-N			Umifenovir		
YVLSMICQQJATAG-UHFFFAOYSA-N	Chembl3623675	0	-2	-2	4	0	0	1	KCFYEAOKVJSACF-UHFFFAOYSA-N			Umifenovir		
GOHHBFSPKLRUNF-UHFFFAOYSA-N	1-[(Dimethylamino)Methyl]-2-Naphthol	0	-2	-2	4	0	0	1	KCFYEAOKVJSACF-UHFFFAOYSA-N	DOMXUEMWDBAQBQ-UHFFFAOYSA-N		Umifenovir	Terbinafine	
FERXSQVCCZAZAC-UHFFFAOYSA-N	Ac1Mcuck	0	-2	-2	4	0	0	1	KCFYEAOKVJSACF-UHFFFAOYSA-N			Umifenovir		
PUQJJRGBGLTXFN-UHFFFAOYSA-N	Chembl19036	0	-2	-2	4	0	0	1	KCFYEAOKVJSACF-UHFFFAOYSA-N			Umifenovir		
WITBRHUYBFKPOL-UHFFFAOYSA-N	Ethyl 4-(4-Methoxyphenyl)-2-{[(Phenylsulfanyl)Acetyl]Amino}Thiophene-3-Carboxylate	0	-2	-2	4	0	0	1	KCFYEAOKVJSACF-UHFFFAOYSA-N			Umifenovir		
VCSUZQBAEHKMSQ-SSDVNMTOSA-N	Ac1Obydh	0	-2	-2	4	0	0	1	KCFYEAOKVJSACF-UHFFFAOYSA-N			Umifenovir		
OIWQLSMNVRMWRN-UHFFFAOYSA-N	Mls000701140	0	-2	-2	4	0	0	1	KCFYEAOKVJSACF-UHFFFAOYSA-N			Umifenovir		
DKDJBHXKPNNQGW-UHFFFAOYSA-N	Chembl185392	0	-2	-2	4	0	0	1	KCFYEAOKVJSACF-UHFFFAOYSA-N			Umifenovir		
XBLJNSSZMWLWHU-UHFFFAOYSA-N	Stk230171	0	-2	-2	4	0	0	1	KCFYEAOKVJSACF-UHFFFAOYSA-N			Umifenovir		
ZBOIMDMDEHZBPR-UHFFFAOYSA-N	Chembl602529	0	-2	-2	4	0	0	1	KCFYEAOKVJSACF-UHFFFAOYSA-N			Umifenovir		
AJKJMMOOZCTJMG-UHFFFAOYSA-N	3354-38-9	0	-2	-2	4	0	0	1	KCFYEAOKVJSACF-UHFFFAOYSA-N			Umifenovir		
PNHFETLUVCAYSS-UHFFFAOYSA-N	Ethyl 4-Hydroxy-2-Oxo-1-(Prop-2-En-1-Yl)-1,2-Dihydroquinoline-3-Carboxylate	0	-2	-2	4	0	0	1	KCFYEAOKVJSACF-UHFFFAOYSA-N			Umifenovir		
IEHYVYZADVHGFF-UHFFFAOYSA-N	Ethyl 2-Amino-6-Bromo-7-Methoxy-1-Benzothiophene-3-Carboxylate	0	-2	-2	4	0	0	1	KCFYEAOKVJSACF-UHFFFAOYSA-N			Umifenovir		
AZLNMMAHIIYYFE-UHFFFAOYSA-N	Smr000472504	0	-2	-2	4	0	0	1	KCFYEAOKVJSACF-UHFFFAOYSA-N			Umifenovir		
ATHDXGIEWLVIJY-UHFFFAOYSA-N	Mls000704274	0	-2	-2	4	0	0	1	KCFYEAOKVJSACF-UHFFFAOYSA-N			Umifenovir		
LORYJFSCXRKMAK-UHFFFAOYSA-N	Mls000052920	0	-2	-2	4	0	0	1	KCFYEAOKVJSACF-UHFFFAOYSA-N			Umifenovir		
NSVFALADEZSAPI-UHFFFAOYSA-N	Chembl2315794	0	-2	-2	4	0	0	1	KCFYEAOKVJSACF-UHFFFAOYSA-N			Umifenovir		
AJMZFXUDUORRMI-UHFFFAOYSA-N	Chembl2158321	0	-2	-2	4	0	0	1	KCFYEAOKVJSACF-UHFFFAOYSA-N			Umifenovir		
ZDSMTFUXXUYCSA-BRJLIKDPSA-N	Mls000540683	0	-2	-2	4	0	0	1	KCFYEAOKVJSACF-UHFFFAOYSA-N			Umifenovir		
QAVKDJDFPYQWRS-UHFFFAOYSA-N	Ethyl 1-[(Phenylsulfanyl)Acetyl]Piperidine-3-Carboxylate	0	-2	-2	4	0	0	1	KCFYEAOKVJSACF-UHFFFAOYSA-N			Umifenovir		
ANCBCNCYUPZGFV-UHFFFAOYSA-N	Stk215467	0	-2	-2	4	0	0	1	KCFYEAOKVJSACF-UHFFFAOYSA-N			Umifenovir		
XHCBUAIHQGHOPP-UHFFFAOYSA-N	Diethyl 4-(4-Bromophenyl)-2,6-Dimethylpyridine-3,5-Dicarboxylate	0	-2	-2	4	0	0	1	KCFYEAOKVJSACF-UHFFFAOYSA-N	CYOHGALHFOKKQC-UHFFFAOYSA-N		Umifenovir	Selumetinib	
DEDXZLAUUPHUHS-UHFFFAOYSA-N	St4048460	0	-2	-2	4	0	0	1	ZPEIMTDSQAKGNT-UHFFFAOYSA-N	XSCGXQMFQXDFCW-UHFFFAOYSA-N	KCFYEAOKVJSACF-UHFFFAOYSA-N	Chlorpromazine	Triflupromazine	Umifenovir
JMOQBPQDFVOMER-UHFFFAOYSA-N	Ac1Lezaq	0	-2	-2	4	0	0	1	KCFYEAOKVJSACF-UHFFFAOYSA-N			Umifenovir		
LTXPBGBIDBMBJM-UHFFFAOYSA-N	Mls000112756	0	-2	-2	4	0	0	1	KCFYEAOKVJSACF-UHFFFAOYSA-N			Umifenovir		
XNGMFDZURPNEDZ-UHFFFAOYSA-N	Stk360282	0	-2	-2	4	0	0	1	KCFYEAOKVJSACF-UHFFFAOYSA-N			Umifenovir		
XIOYZAUVDJKWCL-UHFFFAOYSA-N	5M-329S	0	-2	-2	4	0	0	1	KCFYEAOKVJSACF-UHFFFAOYSA-N	FOQRKFCLRMMKAT-UHFFFAOYSA-N		Umifenovir	Pd144418	
OBTLMBWEMHGRBX-UHFFFAOYSA-N	Chembl31004	0	-2	-2	4	0	0	1	KCFYEAOKVJSACF-UHFFFAOYSA-N			Umifenovir		
HDYMWGSIFNKZLQ-UHFFFAOYSA-N	Chembl21031	0	-2	-2	4	0	0	1	KCFYEAOKVJSACF-UHFFFAOYSA-N			Umifenovir		
AJMKMNNPRYQYGQ-UHFFFAOYSA-N	Smr000162017	0	-2	-2	4	0	0	1	KCFYEAOKVJSACF-UHFFFAOYSA-N			Umifenovir		
CKHPOCWCCXUBPP-UHFFFAOYSA-N	Nsc9928	0	-2	-2	4	0	0	1	KCFYEAOKVJSACF-UHFFFAOYSA-N			Umifenovir		
RFNMMSVHBUVLOM-UHFFFAOYSA-N	Smr000219533	0	-2	-2	4	0	0	1	KCFYEAOKVJSACF-UHFFFAOYSA-N			Umifenovir		
UAUGDKSUSBAVCO-UHFFFAOYSA-N	Smr000033000	0	-2	-2	4	0	0	1	KCFYEAOKVJSACF-UHFFFAOYSA-N			Umifenovir		
FONDTKVRWUCCQX-UHFFFAOYSA-N	Ac1Nhcnx	0	-2	-2	4	0	0	1	KCFYEAOKVJSACF-UHFFFAOYSA-N			Umifenovir		
PNGMEQKENMASHD-UHFFFAOYSA-N	Chembl2418799	0	-2	-2	4	0	0	1	KCFYEAOKVJSACF-UHFFFAOYSA-N			Umifenovir		
VJUTWTGDFJIQRL-UHFFFAOYSA-N	Chembl3355963	0	-2	-2	4	0	0	1	KCFYEAOKVJSACF-UHFFFAOYSA-N			Umifenovir		
CCTDFOABYYEBJZ-UHFFFAOYSA-N	Smr000196348	0	-2	-2	4	0	0	1	KCFYEAOKVJSACF-UHFFFAOYSA-N			Umifenovir		
NWQVIYMBFIYAIY-UHFFFAOYSA-N	Chembl1688505	0	-2	-2	4	0	0	1	KCFYEAOKVJSACF-UHFFFAOYSA-N			Umifenovir		
QSJZIXCXEQQEME-UHFFFAOYSA-N	Ac1Ntuuq	0	-2	-2	4	0	0	1	KCFYEAOKVJSACF-UHFFFAOYSA-N			Umifenovir		
KBAVSMAYRNASIF-UHFFFAOYSA-N	Ac-907/34129039	0	-2	-2	4	0	0	1	VSZGPKBBMSAYNT-RRFJBIMHSA-N	KCFYEAOKVJSACF-UHFFFAOYSA-N		Oseltamivir	Umifenovir	
SPKMMWKRZJWHSL-UHFFFAOYSA-N	Nsc673421	0	-2	-2	4	0	0	1	KCFYEAOKVJSACF-UHFFFAOYSA-N			Umifenovir		
IAWLIMQZBCZPKH-UHFFFAOYSA-N	Schembl4185817	0	-2	-2	4	0	0	1	KCFYEAOKVJSACF-UHFFFAOYSA-N			Umifenovir		
HWBGGSPQHDNXCQ-UHFFFAOYSA-N	St50668200	0	-2	-2	4	0	0	1	KCFYEAOKVJSACF-UHFFFAOYSA-N			Umifenovir		
UWSFYFPTVLNWGW-UHFFFAOYSA-N	8J-331S	0	-2	-2	4	0	0	1	KCFYEAOKVJSACF-UHFFFAOYSA-N			Umifenovir		
NWIYVZZDWHHYGV-UHFFFAOYSA-N	Maybridge1_001491	0	-2	-2	4	0	0	1	KCFYEAOKVJSACF-UHFFFAOYSA-N			Umifenovir		
UQNYHIQFQPYSAT-UHFFFAOYSA-N	Smr000261045	0	-2	-2	4	0	0	1	KCFYEAOKVJSACF-UHFFFAOYSA-N			Umifenovir		
TVCOBPXJKDLKIX-UHFFFAOYSA-N	St50721278	0	-2	-2	4	0	0	1	KCFYEAOKVJSACF-UHFFFAOYSA-N			Umifenovir		
ZMMDUENTAOWDLQ-UHFFFAOYSA-N	Chembl482293	0	-2	-2	4	0	0	1	KCFYEAOKVJSACF-UHFFFAOYSA-N			Umifenovir		
ADZLKYIUIDQSBV-UHFFFAOYSA-N	Dnd-192 Dye	0	-2	-2	4	0	0	1	KCFYEAOKVJSACF-UHFFFAOYSA-N			Umifenovir		
LDQXYWMYZSUTQV-NUGSKGIGSA-N	Smr000220591	0	-2	-2	4	0	0	1	KCFYEAOKVJSACF-UHFFFAOYSA-N			Umifenovir		
CPQRHZLJJCPIPI-UHFFFAOYSA-N	Chembl385576	0	-2	-2	4	0	0	1	KCFYEAOKVJSACF-UHFFFAOYSA-N			Umifenovir		
OULOTGUILQWKBM-UHFFFAOYSA-N	Ethyl 5-(Benzylamino)-3-Methyl-1H-Pyrazole-4-Carboxylate	0	-2	-2	4	0	0	1	KCFYEAOKVJSACF-UHFFFAOYSA-N			Umifenovir		
MHLWWHUFXNFRFR-UHFFFAOYSA-N	Ac1Ob6E9	0	-2	-2	4	0	0	1	KCFYEAOKVJSACF-UHFFFAOYSA-N			Umifenovir		
HHZVQLOVHIDMBD-UHFFFAOYSA-N	4-(Phenylsulfanyl)Butanoic Acid	0	-2	-2	4	0	0	1	KCFYEAOKVJSACF-UHFFFAOYSA-N			Umifenovir		
FZEBKODMKOLCMK-UHFFFAOYSA-N	Ac1Lj4Gd	0	-2	-2	4	0	0	1	KCFYEAOKVJSACF-UHFFFAOYSA-N			Umifenovir		
IXOVEZFSOURFBA-UHFFFAOYSA-N	2-(Dimethylamino)Ethyl 5-Methoxy-1,2-Dimethyl-1H-Indole-3-Carboxylate	0	-2	-2	4	0	0	1	KCFYEAOKVJSACF-UHFFFAOYSA-N	CGIGDMFJXJATDK-UHFFFAOYSA-N	XFCLJVABOIYOMF-QPLCGJKRSA-N	Umifenovir	Indometacin	Toremifene
QLPSQHQNKZDNLJ-UHFFFAOYSA-N	CID29179016	0	-2	-2	4	0	0	1	KCFYEAOKVJSACF-UHFFFAOYSA-N			Umifenovir		
BCKARVLFIJPHQU-UHFFFAOYSA-N	35-Dimethyl-1h-Pyrazole-4-Carboxylic Acid Ethyl Ester	1	-2	-2	4	0	0	1	KCFYEAOKVJSACF-UHFFFAOYSA-N			Umifenovir		
BJXYJZMTFIJWOE-UHFFFAOYSA-N	Ethyl 4-Benzyl-2-Methyl-1H-Pyrrole-3-Carboxylate	0	-2	-2	4	0	0	1	KCFYEAOKVJSACF-UHFFFAOYSA-N			Umifenovir		
QFOCANIJCXHMRV-AWQFTUOYSA-N	Ac1O1Ix3	0	-2	-2	4	0	0	1	KCFYEAOKVJSACF-UHFFFAOYSA-N			Umifenovir		
LISDDJKJSXQBRP-NUGSKGIGSA-N	Mls001142860	0	-2	-2	4	0	0	1	KCFYEAOKVJSACF-UHFFFAOYSA-N			Umifenovir		
NYQUAHXFIISQCN-UHFFFAOYSA-N	Mls000566136	0	-2	-2	4	0	0	1	KCFYEAOKVJSACF-UHFFFAOYSA-N			Umifenovir		
IXOKUZCXROCHEI-IFRROFPPSA-N	Mls001142833	0	-2	-2	4	0	0	1	KCFYEAOKVJSACF-UHFFFAOYSA-N			Umifenovir		
GEBHFAAXBXOTSH-UHFFFAOYSA-N	St51017802	0	-2	-2	4	0	0	1	KCFYEAOKVJSACF-UHFFFAOYSA-N			Umifenovir		
PSJPKTUACKVMOK-UHFFFAOYSA-N	St002352	0	-2	-2	4	0	0	1	KCFYEAOKVJSACF-UHFFFAOYSA-N			Umifenovir		
ZHIMVEIMSXGYPB-UHFFFAOYSA-N	Ah-262/05450063	0	-2	-2	4	0	0	1	KCFYEAOKVJSACF-UHFFFAOYSA-N	VSZGPKBBMSAYNT-RRFJBIMHSA-N		Umifenovir	Oseltamivir	
OPKTZXIDVOFXRV-UHFFFAOYSA-N	Ac1Lj5Gv	0	-2	-2	4	0	0	1	KCFYEAOKVJSACF-UHFFFAOYSA-N			Umifenovir		
VFJOWBNMUGGMJM-UHFFFAOYSA-N	Stk321926	0	-2	-2	4	0	0	1	KCFYEAOKVJSACF-UHFFFAOYSA-N			Umifenovir		
LVQQTDJOVUGDGX-UHFFFAOYSA-N	Ethyl 2-(Acetylamino)-6-Bromo-7-Hydroxy-1-Benzothiophene-3-Carboxylate	0	-2	-2	4	0	0	1	KCFYEAOKVJSACF-UHFFFAOYSA-N			Umifenovir		
QPOCBUQWHFOOIK-UHFFFAOYSA-N	Smr000042789	0	-2	-2	4	0	0	1	KCFYEAOKVJSACF-UHFFFAOYSA-N			Umifenovir		
WECVTNKFNNYVCU-UHFFFAOYSA-N	Ac1Ljkjj	0	-2	-2	4	0	0	1	KCFYEAOKVJSACF-UHFFFAOYSA-N			Umifenovir		
WECRAQBVMVLLQX-UHFFFAOYSA-N	Smr000155797	0	-2	-2	4	0	0	1	KCFYEAOKVJSACF-UHFFFAOYSA-N			Umifenovir		
ZRFRQICUERWPRW-UHFFFAOYSA-N	Smr000201456	0	-2	-2	4	0	0	1	KCFYEAOKVJSACF-UHFFFAOYSA-N			Umifenovir		
IVKOPRQSHYRLAV-UHFFFAOYSA-N	Chembl162835	0	-2	-2	4	0	0	1	KCFYEAOKVJSACF-UHFFFAOYSA-N	UCJGJABZCDBEDK-UHFFFAOYSA-N		Umifenovir	Bazedoxifene	
MHTRURIKBXQYST-UHFFFAOYSA-N	Smr000067839	0	-2	-2	4	0	0	1	KCFYEAOKVJSACF-UHFFFAOYSA-N			Umifenovir		
MFNWFHKBFKEKAN-UHFFFAOYSA-N	Chembl3355961	0	-2	-2	4	0	0	1	KCFYEAOKVJSACF-UHFFFAOYSA-N			Umifenovir		
MHMPPZKIXAWTSO-UHFFFAOYSA-N	Ethyl 4-(4-Chlorobenzyl)-2-Methyl-1H-Pyrrole-3-Carboxylate	0	-2	-2	4	0	0	1	KCFYEAOKVJSACF-UHFFFAOYSA-N			Umifenovir		
GPUQTFCKYDVYTD-UHFFFAOYSA-N	92434-82-7	0	-2	-2	4	0	0	1	KCFYEAOKVJSACF-UHFFFAOYSA-N			Umifenovir		
IGGLKXPOEWPXLI-UHFFFAOYSA-N	Chembl2397748	0	-2	-2	4	0	0	1	KCFYEAOKVJSACF-UHFFFAOYSA-N			Umifenovir		
LBZIZFQFNSAYKL-UHFFFAOYSA-N	Ethyl 2-(4-Fluorophenyl)Indolizine-1-Carboxylate	0	-2	-2	4	0	0	1	KCFYEAOKVJSACF-UHFFFAOYSA-N			Umifenovir		
LOAYVQAOZDEYJY-UHFFFAOYSA-N	Chembl2234380	0	-2	-2	4	0	0	1	KCFYEAOKVJSACF-UHFFFAOYSA-N			Umifenovir		
WQYNNMCZNHWKPY-UHFFFAOYSA-N	Mls000540235	0	-2	-2	4	0	0	1	KCFYEAOKVJSACF-UHFFFAOYSA-N			Umifenovir		
KAKVOZARQIMFNL-LSHDLFTRSA-N	Ac1Obyit	0	-2	-2	4	0	0	1	KCFYEAOKVJSACF-UHFFFAOYSA-N			Umifenovir		
OICBJAQENNZRMO-UHFFFAOYSA-N	Chembl1688588	0	-2	-2	4	0	0	1	KCFYEAOKVJSACF-UHFFFAOYSA-N			Umifenovir		
WXKWBGSRTPEBKC-UHFFFAOYSA-N	Chembl607808	0	-2	-2	4	0	0	1	KCFYEAOKVJSACF-UHFFFAOYSA-N			Umifenovir		
LQPNZENCLTXLHZ-UHFFFAOYSA-N	3M-551S	0	-2	-2	4	0	0	1	KCFYEAOKVJSACF-UHFFFAOYSA-N			Umifenovir		
BCBDROXBMRHYCN-UHFFFAOYSA-N	Smr000014430	0	-2	-2	4	0	0	1	KCFYEAOKVJSACF-UHFFFAOYSA-N			Umifenovir		
UMARSZKDTRUYJD-UHFFFAOYSA-N	Chembl2088316	0	-2	-2	4	0	0	1	KCFYEAOKVJSACF-UHFFFAOYSA-N			Umifenovir		
LDQGPWQZZFXLKY-UHFFFAOYSA-N	Mls000706872	0	-2	-2	4	0	0	1	KCFYEAOKVJSACF-UHFFFAOYSA-N			Umifenovir		
YXKFUEXBSOOYDZ-UHFFFAOYSA-N	Mls000336088	0	-2	-2	4	0	0	1	KCFYEAOKVJSACF-UHFFFAOYSA-N			Umifenovir		
GGJOUERPEMZCOT-UHFFFAOYSA-N	Chembl260370	0	-2	-2	4	0	0	1	KCFYEAOKVJSACF-UHFFFAOYSA-N			Umifenovir		
MAXQKPNEYWTEHI-UHFFFAOYSA-N	1H-1,3-Benzimidazol-2-Ylmethyl Phenyl Sulfide	0	-2	-2	4	0	0	1	KCFYEAOKVJSACF-UHFFFAOYSA-N			Umifenovir		
KKNPABVSTLLRGK-UHFFFAOYSA-N	F0440-0023	0	-2	-2	4	0	0	1	KCFYEAOKVJSACF-UHFFFAOYSA-N			Umifenovir		
GGJMPUXEHLQFDO-UHFFFAOYSA-N	Smr000106411	0	-2	-2	4	0	0	1	KCFYEAOKVJSACF-UHFFFAOYSA-N			Umifenovir		
GQDLXWLACDHXOM-UHFFFAOYSA-N	Mls000575229	0	-2	-2	4	0	0	1	KCFYEAOKVJSACF-UHFFFAOYSA-N			Umifenovir		
OKOGAIZKXQPQGU-UHFFFAOYSA-N	Ethyl 2-[(Diethylamino)Methyl]-5-Hydroxy-1-Phenyl-1H-Indole-3-Carboxylate	0	-2	-2	4	0	0	1	KCFYEAOKVJSACF-UHFFFAOYSA-N			Umifenovir		
QCILYEVZKRWOPC-UHFFFAOYSA-N	Mls000530556	0	-2	-2	4	0	0	1	KCFYEAOKVJSACF-UHFFFAOYSA-N			Umifenovir		
VKIHESOYFXFLGP-UHFFFAOYSA-N	Mls000540236	0	-2	-2	4	0	0	1	KCFYEAOKVJSACF-UHFFFAOYSA-N			Umifenovir		
GXNUGCLBXHXRTP-UHFFFAOYSA-N	Mls000327019	0	-2	-2	4	0	0	1	FOQRKFCLRMMKAT-UHFFFAOYSA-N	KCFYEAOKVJSACF-UHFFFAOYSA-N		Pd144418	Umifenovir	
IVDJZAGOHBOWFZ-UHFFFAOYSA-N	Nsc690563	0	-2	-2	4	0	0	1	JJWLXRKVUJDJKG-VIFPVBQESA-N	KCFYEAOKVJSACF-UHFFFAOYSA-N		BMS-863233	Umifenovir	
GPUIVIKFEHKBON-UHFFFAOYSA-N	2-Benzyl 4-Ethyl 3,5-Dimethyl-1H-Pyrrole-2,4-Dicarboxylate	0	-2	-2	4	0	0	1	KCFYEAOKVJSACF-UHFFFAOYSA-N			Umifenovir		
GJFRCMCREDDROK-ZPUQHVIOSA-N	Chembl405170	0	-2	-2	4	0	0	1	KCFYEAOKVJSACF-UHFFFAOYSA-N			Umifenovir		
XKRQCXFHCLCIBC-UHFFFAOYSA-N	Js-2320	0	-2	-2	4	0	0	1	KCFYEAOKVJSACF-UHFFFAOYSA-N			Umifenovir		
BYUIXCDIRNBWLK-UHFFFAOYSA-N	Nsc101023	0	-2	-2	4	0	0	1	KCFYEAOKVJSACF-UHFFFAOYSA-N			Umifenovir		
DYBUCUJMJZSHFV-UHFFFAOYSA-N	Ac1Nhg03	0	-2	-2	4	0	0	1	KCFYEAOKVJSACF-UHFFFAOYSA-N			Umifenovir		
XUNUACIUUWHPAX-UHFFFAOYSA-N	Ac1M3A1U	0	-2	-2	4	0	0	1	KCFYEAOKVJSACF-UHFFFAOYSA-N			Umifenovir		
TUOSINFBCXAUCH-UHFFFAOYSA-N	Ethyl 2-Anilino-6-Hydroxy-4-Methylbenzoate	0	-2	-2	4	0	0	1	KCFYEAOKVJSACF-UHFFFAOYSA-N			Umifenovir		
XYUBQWNJDIAEES-UHFFFAOYSA-N	Va50514	0	-2	-2	4	0	0	1	KCFYEAOKVJSACF-UHFFFAOYSA-N			Umifenovir		
ZHQAUPKAHBDBOS-UHFFFAOYSA-N	Chembl566934	0	-2	-2	4	0	0	1	KCFYEAOKVJSACF-UHFFFAOYSA-N			Umifenovir		
LGOYIXGNDZPUKQ-UHFFFAOYSA-N	Mls000580217	0	-2	-2	4	0	0	1	KCFYEAOKVJSACF-UHFFFAOYSA-N			Umifenovir		
YKLMGKWXBLSKPK-RIYZIHGNSA-N	St 638	0	-2	-2	4	0	0	1	KCFYEAOKVJSACF-UHFFFAOYSA-N	JRURYQJSLYLRLN-BJMVGYQFSA-N		Umifenovir	Entacapone	
QPQCKWIATNPHEC-UHFFFAOYSA-N	Mls000773333	0	-2	-2	4	0	0	1	KCFYEAOKVJSACF-UHFFFAOYSA-N			Umifenovir		
MPKNISBAOXHMLQ-UHFFFAOYSA-N	Chembl1318473	0	-2	-2	4	0	0	1	KCFYEAOKVJSACF-UHFFFAOYSA-N			Umifenovir		
SYHNVSWIHVOJIL-UHFFFAOYSA-N	Mls000530780	0	-2	-2	4	0	0	1	KCFYEAOKVJSACF-UHFFFAOYSA-N			Umifenovir		
QMTUMNZZJKUEFZ-UHFFFAOYSA-N	Nsc656433	0	-2	-2	4	0	0	1	KCFYEAOKVJSACF-UHFFFAOYSA-N			Umifenovir		
NMBZINJRGOLNHQ-UHFFFAOYSA-N	Gnf-Pf-3537	0	-2	-2	4	0	0	1	KCFYEAOKVJSACF-UHFFFAOYSA-N			Umifenovir		
NHCHQRCGPRAEFF-UHFFFAOYSA-N	Smr000118223	0	-2	-2	4	0	0	1	KCFYEAOKVJSACF-UHFFFAOYSA-N			Umifenovir		
KFOJYYHUMVFMGT-UHFFFAOYSA-N	Ac1Lbtla	0	-2	-2	4	0	0	1	ZBNZXTGUTAYRHI-UHFFFAOYSA-N	KCFYEAOKVJSACF-UHFFFAOYSA-N		Dasatinib	Umifenovir	
LTBHATYBASAESJ-UHFFFAOYSA-N	6-Bromo-5-Methoxy-1,2-Dimethyl-1H-Indole-3-Carboxylic Acid	0	-2	-2	4	0	0	1	KCFYEAOKVJSACF-UHFFFAOYSA-N			Umifenovir		
GXRYGLWERLKKEY-LSFURLLWSA-N	Mls001139295	0	-2	-2	4	0	0	1	KCFYEAOKVJSACF-UHFFFAOYSA-N			Umifenovir		
QCOSLXPGWVIHRN-UHFFFAOYSA-N	6N-675S	0	-2	-2	4	0	0	1	FOQRKFCLRMMKAT-UHFFFAOYSA-N	GCWIQUVXWZWCLE-INIZCTEOSA-N	KCFYEAOKVJSACF-UHFFFAOYSA-N	Pd144418	Cpi-0610	Umifenovir
HDHAIYFBPPDPIX-UHFFFAOYSA-N	Chembl24344	0	-2	-2	4	0	0	1	KCFYEAOKVJSACF-UHFFFAOYSA-N			Umifenovir		
KXAXVGODKLONAP-UHFFFAOYSA-N	Smr000061910	0	-2	-2	4	0	0	1	KCFYEAOKVJSACF-UHFFFAOYSA-N			Umifenovir		
XAUJNQXMCXCIEB-UHFFFAOYSA-N	Ac1Lpv6V	0	-2	-2	4	0	0	1	KCFYEAOKVJSACF-UHFFFAOYSA-N			Umifenovir		
VIFWMGUBAUKVOY-UHFFFAOYSA-N	Mls-0205969.0001	0	-2	-2	4	0	0	1	KCFYEAOKVJSACF-UHFFFAOYSA-N			Umifenovir		
HKEXSVHEPUVAPQ-UHFFFAOYSA-N	Mls000548053	0	-2	-2	4	0	0	1	KCFYEAOKVJSACF-UHFFFAOYSA-N			Umifenovir		
CDOMQXYSPINNJJ-UHFFFAOYSA-N	F3244-0030	0	-2	-2	4	0	0	1	KCFYEAOKVJSACF-UHFFFAOYSA-N			Umifenovir		
BWBOHXRTCMDHDI-UHFFFAOYSA-N	CID28147568	0	-2	-2	4	0	0	1	KCFYEAOKVJSACF-UHFFFAOYSA-N			Umifenovir		
XHSYHACTNCTGHJ-UHFFFAOYSA-N	Bas 00505154	0	-2	-2	4	0	0	1	XASIMHXSUQUHLV-UHFFFAOYSA-N	KCFYEAOKVJSACF-UHFFFAOYSA-N		Camostat	Umifenovir	
HTXDTQGUPGHHPG-UHFFFAOYSA-N	Stk847431	0	-2	-2	4	0	0	1	KCFYEAOKVJSACF-UHFFFAOYSA-N			Umifenovir		
ZEJKWPIVLDNVQT-UHFFFAOYSA-N	Chembl1257559	0	-2	-2	4	0	0	1	KCFYEAOKVJSACF-UHFFFAOYSA-N			Umifenovir		
IDOMJIOORUVCPK-UHFFFAOYSA-N	Mls000579773	0	-2	-2	4	0	0	1	DNVXATUJJDPFDM-KRWDZBQOSA-N	KCFYEAOKVJSACF-UHFFFAOYSA-N		1268524-70-4	Umifenovir	
RVGRJZUUCLIJAT-UHFFFAOYSA-N	Ac1Ncqp0	0	-2	-2	4	0	0	1	KCFYEAOKVJSACF-UHFFFAOYSA-N			Umifenovir		
RIZCHAPXAGOQLD-UHFFFAOYSA-N	Ac1Ni9O2	0	-2	-2	4	0	0	1	KCFYEAOKVJSACF-UHFFFAOYSA-N			Umifenovir		
ALOSNTJZINUQLV-UHFFFAOYSA-N	Mls000721014	0	-2	-2	4	0	0	1	KCFYEAOKVJSACF-UHFFFAOYSA-N	FOQRKFCLRMMKAT-UHFFFAOYSA-N		Umifenovir	Pd144418	
ZRKBEOYTFHXYCL-UHFFFAOYSA-N	Mls000099579	0	-2	-2	4	0	0	1	KCFYEAOKVJSACF-UHFFFAOYSA-N			Umifenovir		
IQOIFVALVZGMDY-UHFFFAOYSA-N	Mls000030531	0	-2	-2	4	0	0	1	KCFYEAOKVJSACF-UHFFFAOYSA-N			Umifenovir		
YAYHPNOFUGOPJJ-UHFFFAOYSA-N	Ac1Lyydl	0	-2	-2	4	0	0	1	KCFYEAOKVJSACF-UHFFFAOYSA-N			Umifenovir		
SRGVSXVNPKQACU-UHFFFAOYSA-N	Smr000199076	0	-2	-2	4	0	0	1	KCFYEAOKVJSACF-UHFFFAOYSA-N	XASIMHXSUQUHLV-UHFFFAOYSA-N		Umifenovir	Camostat	
YDRLFNJHOBZESQ-UHFFFAOYSA-N	Ethyl 5-Hydroxy-2-Methyl-4-(Piperidin-1-Ylmethyl)-1-Benzofuran-3-Carboxylate	0	-2	-2	4	0	0	1	KCFYEAOKVJSACF-UHFFFAOYSA-N			Umifenovir		
RBQMLDYDTCNECE-UHFFFAOYSA-N	Chembl1397095	0	-2	-2	4	0	0	1	KCFYEAOKVJSACF-UHFFFAOYSA-N			Umifenovir		
CKVWCYUAKNMBLM-UHFFFAOYSA-N	Smr000201033	0	-2	-2	4	0	0	1	KCFYEAOKVJSACF-UHFFFAOYSA-N			Umifenovir		
BPGOMLBPOLBLIM-UHFFFAOYSA-N	Mls001116477	0	-2	-2	4	0	0	1	KCFYEAOKVJSACF-UHFFFAOYSA-N			Umifenovir		
HROOTLKMPSVNIJ-UHFFFAOYSA-N	St50668309	0	-2	-2	4	0	0	1	CYOHGALHFOKKQC-UHFFFAOYSA-N	KCFYEAOKVJSACF-UHFFFAOYSA-N		Selumetinib	Umifenovir	
ILHQRESKWWJZMR-UHFFFAOYSA-N	Mls000573314	0	-2	-2	4	0	0	1	KCFYEAOKVJSACF-UHFFFAOYSA-N			Umifenovir		
NBPAGOGMLPPIFY-UHFFFAOYSA-N	Smr000147640	0	-2	-2	4	0	0	1	KCFYEAOKVJSACF-UHFFFAOYSA-N			Umifenovir		
DERGPJYUTVHDMK-PXYINDEMSA-N	Chembl594324	0	-2	-2	4	0	0	1	KCFYEAOKVJSACF-UHFFFAOYSA-N			Umifenovir		
DCPRBQKGRRCVLV-UHFFFAOYSA-N	Smr000179623	0	-2	-2	4	0	0	1	KCFYEAOKVJSACF-UHFFFAOYSA-N	FOQRKFCLRMMKAT-UHFFFAOYSA-N		Umifenovir	Pd144418	
HTTPDTUFCLSZLX-UHFFFAOYSA-N	Bas 02052616	0	-2	-2	4	0	0	1	KCFYEAOKVJSACF-UHFFFAOYSA-N			Umifenovir		
MPJKBOVKEMTKGM-UHFFFAOYSA-N	Ethyl 5-Hydroxy-1,2-Dimethyl-6-[3-(Trifluoromethyl)Phenyl]Indole-3-Carboxylate	0	-2	-2	4	0	0	1	KCFYEAOKVJSACF-UHFFFAOYSA-N			Umifenovir		
LGUTUJWXKUKBJB-UHFFFAOYSA-N	Mls000388739	0	-2	-2	4	0	0	1	KCFYEAOKVJSACF-UHFFFAOYSA-N			Umifenovir		
LBSYHUVNEMBASV-UHFFFAOYSA-N	Ac1M8Auu	0	-2	-2	4	0	0	1	KCFYEAOKVJSACF-UHFFFAOYSA-N			Umifenovir		
OSFPURHZZWDHNR-UHFFFAOYSA-N	4-(Benzylthio)Benzonitrile	0	-2	-2	4	0	0	1	KCFYEAOKVJSACF-UHFFFAOYSA-N			Umifenovir		
ABLOVDMMKCRDNE-UHFFFAOYSA-N	St056135	0	-2	-2	4	0	0	1	KCFYEAOKVJSACF-UHFFFAOYSA-N			Umifenovir		
LLJQKIUCLVWMCP-UHFFFAOYSA-N	7J-365S	0	-2	-2	4	0	0	1	KCFYEAOKVJSACF-UHFFFAOYSA-N			Umifenovir		
IQQINCDOMBDJPM-UHFFFAOYSA-N	Chembl1257329	0	-2	-2	4	0	0	1	KCFYEAOKVJSACF-UHFFFAOYSA-N			Umifenovir		
HDCVUVBODUPMJA-UHFFFAOYSA-N	Chembl357409	0	-2	-2	4	0	0	1	KCFYEAOKVJSACF-UHFFFAOYSA-N			Umifenovir		
FWINZEPMEHXKFE-UHFFFAOYSA-N	Smr000197895	0	-2	-2	4	0	0	1	KCFYEAOKVJSACF-UHFFFAOYSA-N			Umifenovir		
IGIHLDXSSGANGR-UHFFFAOYSA-N	57513-54-9	0	-2	-2	4	0	0	1	KCFYEAOKVJSACF-UHFFFAOYSA-N			Umifenovir		
DJMWLCYJQLJALA-UHFFFAOYSA-N	Smr000194438	0	-2	-2	4	0	0	1	KCFYEAOKVJSACF-UHFFFAOYSA-N			Umifenovir		
SWGXYEDZLLHJJV-UHFFFAOYSA-N	Chembl1688496	0	-2	-2	4	0	0	1	KCFYEAOKVJSACF-UHFFFAOYSA-N			Umifenovir		
LQYXSXYNJWKSML-UHFFFAOYSA-N	Stk112234	0	-2	-2	4	0	0	1	KCFYEAOKVJSACF-UHFFFAOYSA-N			Umifenovir		
JVFRXJMJJBGRRB-UHFFFAOYSA-N	4-{[(4-Chlorophenyl)Sulfanyl]Methyl}-N-Ethylbenzamide	0	-2	-2	4	0	0	1	KCFYEAOKVJSACF-UHFFFAOYSA-N			Umifenovir		
WXSNKVBZNWFPKC-UHFFFAOYSA-N	Bas 05532749	0	-2	-2	4	0	0	1	KCFYEAOKVJSACF-UHFFFAOYSA-N			Umifenovir		
XRLSTFAITYINFD-UHFFFAOYSA-N	Chembl434276	0	-2	-2	4	0	0	1	KCFYEAOKVJSACF-UHFFFAOYSA-N			Umifenovir		
BCHVHOVWTYTSBI-UHFFFAOYSA-N	Ac1N01Ht	0	-2	-2	4	0	0	1	KCFYEAOKVJSACF-UHFFFAOYSA-N			Umifenovir		
CUJWDMGQMDFVSX-UHFFFAOYSA-N	Mls000681024	0	-2	-2	4	0	0	1	KCFYEAOKVJSACF-UHFFFAOYSA-N			Umifenovir		
VDJWEIFIJVHTSB-VBKFSLOCSA-N	Ethyl (4Z)-2-Methyl-5-Oxo-1-Phenyl-4-(Thiophen-2-Ylmethylidene)-4,5-Dihydro-1H-Pyrrole-3-Carboxylate	0	-2	-2	4	0	0	1	KCFYEAOKVJSACF-UHFFFAOYSA-N			Umifenovir		
JLXNCAWBILOMHL-UHFFFAOYSA-N	Mls000056067	0	-2	-2	4	0	0	1	KCFYEAOKVJSACF-UHFFFAOYSA-N			Umifenovir		
FKCWTZSUPWAYJU-UHFFFAOYSA-N	St50014429	0	-2	-2	4	0	0	1	KCFYEAOKVJSACF-UHFFFAOYSA-N			Umifenovir		
HNAIESRUZRPIHU-UHFFFAOYSA-N	Ac1M1Hxi	0	-2	-2	4	0	0	1	KCFYEAOKVJSACF-UHFFFAOYSA-N			Umifenovir		
UWAQMGMZQGUHOO-UHFFFAOYSA-N	Chembl111260	0	-2	-2	4	0	0	1	KCFYEAOKVJSACF-UHFFFAOYSA-N			Umifenovir		
XFLNVXUSNWPNOC-UHFFFAOYSA-N	4-(2-(Phenylthio)Ethyl)Pyridine	0	-2	-2	4	0	0	1	KCFYEAOKVJSACF-UHFFFAOYSA-N			Umifenovir		
ZEYDZWDKIXOGCP-UHFFFAOYSA-N	Smr000067600	0	-2	-2	4	0	0	1	KCFYEAOKVJSACF-UHFFFAOYSA-N			Umifenovir		
GXMPDQJWFMVRCH-UHFFFAOYSA-N	St50721168	0	-2	-2	4	0	0	1	KCFYEAOKVJSACF-UHFFFAOYSA-N			Umifenovir		
ZCKKMLHAEFAROR-UHFFFAOYSA-N	Chembl1688767	0	-2	-2	4	0	0	1	KCFYEAOKVJSACF-UHFFFAOYSA-N			Umifenovir		
XRVSJLSOULINGX-UHFFFAOYSA-N	Mls000061959	0	-2	-2	4	0	0	1	KCFYEAOKVJSACF-UHFFFAOYSA-N			Umifenovir		
VZTKXNHEZAETDS-UHFFFAOYSA-N	Smr000040344	0	-2	-2	4	0	0	1	KCFYEAOKVJSACF-UHFFFAOYSA-N			Umifenovir		
FMTHNJKXWDGMJF-UHFFFAOYSA-N	Chembl3672806	0	-2	-2	4	0	0	1	KCFYEAOKVJSACF-UHFFFAOYSA-N			Umifenovir		
YHZWZMLROKXOTC-UHFFFAOYSA-N	Stk140292	0	-2	-2	4	0	0	1	KCFYEAOKVJSACF-UHFFFAOYSA-N			Umifenovir		
LOGDXXVRFXBURG-UHFFFAOYSA-N	Mls000122869	0	-2	-2	4	0	0	1	KCFYEAOKVJSACF-UHFFFAOYSA-N			Umifenovir		
JANRZFAWSQOJTP-UHFFFAOYSA-N	2-[(4-Bromophenyl)Thio]Acetamide	0	-2	-2	4	0	0	1	KCFYEAOKVJSACF-UHFFFAOYSA-N			Umifenovir		
MFSHHGJNVSWBCF-UHFFFAOYSA-N	Ac1Ldt79	0	-2	-2	4	0	0	1	KCFYEAOKVJSACF-UHFFFAOYSA-N			Umifenovir		
GLQPPWCSQFOGQM-AUEPDCJTSA-N	Smr000220592	0	-2	-2	4	0	0	1	KCFYEAOKVJSACF-UHFFFAOYSA-N			Umifenovir		
KROYHUDRJMNMFD-UHFFFAOYSA-N	Ac1Lf73D	0	-2	-2	4	0	0	1	KCFYEAOKVJSACF-UHFFFAOYSA-N			Umifenovir		
HOVLWGFSEOFXSR-UHFFFAOYSA-N	Chembl2158320	0	-2	-2	4	0	0	1	KCFYEAOKVJSACF-UHFFFAOYSA-N			Umifenovir		
JXOJPBJBHDCLFP-UHFFFAOYSA-N	Mls000551794	0	-2	-2	4	0	0	1	KCFYEAOKVJSACF-UHFFFAOYSA-N			Umifenovir		
PLFVUZXOPPJUIR-UHFFFAOYSA-N	Smr000146515	0	-2	-2	4	0	0	1	KCFYEAOKVJSACF-UHFFFAOYSA-N			Umifenovir		
QXABNFYLYBODGO-UHFFFAOYSA-N	F1736-0895	0	-2	-2	4	0	0	1	KCFYEAOKVJSACF-UHFFFAOYSA-N			Umifenovir		
LJFMBSRWXNSEBO-UHFFFAOYSA-N	Mls000335735	0	-2	-2	4	0	0	1	KCFYEAOKVJSACF-UHFFFAOYSA-N			Umifenovir		
CLHXXLWLFNWSLY-UHFFFAOYSA-N	Ethyl 6-Bromo-5-Hydroxy-2-[(4-Phenylpiperazin-1-Yl)Methyl]-1-Benzofuran-3-Carboxylate	0	-2	-2	4	0	0	1	KCFYEAOKVJSACF-UHFFFAOYSA-N			Umifenovir		
FAZKYZZMYJHLOX-UHFFFAOYSA-N	Chembl3115292	0	-2	-2	4	0	0	1	KCFYEAOKVJSACF-UHFFFAOYSA-N			Umifenovir		
GIQAYVPAOSOICV-UHFFFAOYSA-N	Chembl13844	0	-2	-2	4	0	0	1	CNIIGCLFLJGOGP-UHFFFAOYSA-N	KCFYEAOKVJSACF-UHFFFAOYSA-N	BYJAVTDNIXVSPW-UHFFFAOYSA-N	Naphazoline	Umifenovir	Tetryzoline
GVJFROFMCPTHEH-UHFFFAOYSA-N	Ac1M271K	0	-2	-2	4	0	0	1	KCFYEAOKVJSACF-UHFFFAOYSA-N			Umifenovir		
ZCNAULQFSXEJTD-UHFFFAOYSA-N	6314-22-3	0	-2	-2	4	0	0	1	KCFYEAOKVJSACF-UHFFFAOYSA-N			Umifenovir		
ZVTKISFUIZSQJH-UHFFFAOYSA-N	Chembl1091444	0	-2	-2	4	0	0	1	KCFYEAOKVJSACF-UHFFFAOYSA-N			Umifenovir		
UFJGFNHRMPMALC-UHFFFAOYSA-N	Nqdi-1	0	-2	-2	4	0	0	1	KCFYEAOKVJSACF-UHFFFAOYSA-N			Umifenovir		
SRNHSNKVWUNTHL-UHFFFAOYSA-N	2-Phenyl-6-[(Phenylsulfanyl)Methyl]-4-Pyrimidinol	0	-2	-2	4	0	0	1	KCFYEAOKVJSACF-UHFFFAOYSA-N			Umifenovir		
GPQFQLWHDASCAE-UHFFFAOYSA-N	Smr000256002	0	-2	-2	4	0	0	1	KCFYEAOKVJSACF-UHFFFAOYSA-N			Umifenovir		
JXPALVGCNKMATI-UHFFFAOYSA-N	Mls002694948	0	-2	-2	4	0	0	1	KCFYEAOKVJSACF-UHFFFAOYSA-N	KBOPZPXVLCULAV-UHFFFAOYSA-N		Umifenovir	Mesalazine	
GPQFTZJHBOKDTO-UHFFFAOYSA-N	Chembl1336514	0	-2	-2	4	0	0	1	CGZOGNUFXMNYEI-UDUHKTKDSA-N	KCFYEAOKVJSACF-UHFFFAOYSA-N		Chebi:125390	Umifenovir	
KWRPQBUOZRTWTK-UHFFFAOYSA-N	Chembl1092774	0	-2	-2	4	0	0	1	KCFYEAOKVJSACF-UHFFFAOYSA-N			Umifenovir		
PVTGKQVWZRNKDD-UHFFFAOYSA-N	Ac1N3A0Z	0	-2	-2	4	0	0	1	KCFYEAOKVJSACF-UHFFFAOYSA-N			Umifenovir		
IZVGTPDTDOYBMG-UHFFFAOYSA-N	Ac1Mgxck	0	-2	-2	4	0	0	1	KCFYEAOKVJSACF-UHFFFAOYSA-N			Umifenovir		
DQOHSEZYXSACCG-UHFFFAOYSA-N	Ae-641/00605029	0	-2	-2	4	0	0	1	KCFYEAOKVJSACF-UHFFFAOYSA-N			Umifenovir		
FYYJWDDKPDQUSA-DNNBLBMLSA-N	Chembl411065	0	-2	-2	4	0	0	1	KCFYEAOKVJSACF-UHFFFAOYSA-N			Umifenovir		
PGCQRQDEKYDLOT-UHFFFAOYSA-N	Mls000554119	0	-2	-2	4	0	0	1	KCFYEAOKVJSACF-UHFFFAOYSA-N			Umifenovir		
WVUMZXGXSXTSDX-UHFFFAOYSA-N	Schembl3386676	0	-2	-2	4	0	0	1	KCFYEAOKVJSACF-UHFFFAOYSA-N			Umifenovir		
PBNUPOARCGPMPA-UHFFFAOYSA-N	Cbdive_000225	0	-2	-2	4	0	0	1	KCFYEAOKVJSACF-UHFFFAOYSA-N			Umifenovir		
GJLXTZOZEHWWTD-UHFFFAOYSA-N	3,5-Dibromo-4-Hydroxybenzamide	0	-2	-2	4	0	0	1	KCFYEAOKVJSACF-UHFFFAOYSA-N			Umifenovir		
PPYYFSSPGZLAJY-UHFFFAOYSA-N	Mls000335106	0	-2	-2	4	0	0	1	KCFYEAOKVJSACF-UHFFFAOYSA-N			Umifenovir		
UUIVFTPUMYBUJS-UHFFFAOYSA-N	Chembl484482	0	-2	-2	4	0	0	1	KCFYEAOKVJSACF-UHFFFAOYSA-N			Umifenovir		
HPOZKCUMIHNQGV-UHFFFAOYSA-N	Chembl1483125	0	-2	-2	4	0	0	1	KCFYEAOKVJSACF-UHFFFAOYSA-N			Umifenovir		
WIXFQUANCTYFHQ-UHFFFAOYSA-N	Mls000594449	0	-2	-2	4	0	0	1	KCFYEAOKVJSACF-UHFFFAOYSA-N			Umifenovir		
AEHWKBXBXYNPCX-UHFFFAOYSA-N	Ethyl Phenyl Sulfide	0	-2	-2	4	0	0	1	KCFYEAOKVJSACF-UHFFFAOYSA-N			Umifenovir		
CXLCHCJKCOJSEV-LSHDLFTRSA-N	Ac1Obylh	0	-2	-2	4	0	0	1	KCFYEAOKVJSACF-UHFFFAOYSA-N			Umifenovir		
VNZLZGOHHCLHTL-UHFFFAOYSA-N	Mls000877567	0	-2	-2	4	0	0	1	KCFYEAOKVJSACF-UHFFFAOYSA-N			Umifenovir		
QNGINKGIODXBQU-UHFFFAOYSA-N	Ac1Lgqno	0	-2	-2	4	0	0	1	KCFYEAOKVJSACF-UHFFFAOYSA-N			Umifenovir		
MNHWODGSAAWVCT-UHFFFAOYSA-N	Sri 8453	0	-2	-2	4	0	0	1	KCFYEAOKVJSACF-UHFFFAOYSA-N			Umifenovir		
YITQEZBTMWRRQL-UHFFFAOYSA-N	Chembl2011157	0	-2	-2	4	0	0	1	JBMKAUGHUNFTOL-UHFFFAOYSA-N	KCFYEAOKVJSACF-UHFFFAOYSA-N		Chlorothiazide	Umifenovir	
IXBCTTJRBIXXMI-UHFFFAOYSA-N	Mls000535582	0	-2	-2	4	0	0	1	KCFYEAOKVJSACF-UHFFFAOYSA-N			Umifenovir		
KZSCPAPLETYBHY-UHFFFAOYSA-N	Mls000335112	0	-2	-2	4	0	0	1	KCFYEAOKVJSACF-UHFFFAOYSA-N			Umifenovir		
BHQPDRZCXLZSOL-UHFFFAOYSA-N	Mls000877576	0	-2	-2	4	0	0	1	KCFYEAOKVJSACF-UHFFFAOYSA-N			Umifenovir		
ITDXOTHNJBXZMS-UHFFFAOYSA-N	Mls000705042	0	-2	-2	4	0	0	1	KCFYEAOKVJSACF-UHFFFAOYSA-N	ACGUYXCXAPNIKK-UHFFFAOYSA-N		Umifenovir	Hexachlorophene	
KEUFFISILHOPIT-UHFFFAOYSA-N	Gnf-Pf-4338	0	-2	-2	4	0	0	1	KCFYEAOKVJSACF-UHFFFAOYSA-N			Umifenovir		
JGISSZGVGVUYHE-UHFFFAOYSA-N	Stk323396	0	-2	-2	4	0	0	1	KCFYEAOKVJSACF-UHFFFAOYSA-N			Umifenovir		
GQKFKWGPTCYTKO-UHFFFAOYSA-N	Ac1Mmjnh	0	-2	-2	4	0	0	1	KCFYEAOKVJSACF-UHFFFAOYSA-N			Umifenovir		
QCBZEQPRSNEPNA-UHFFFAOYSA-N	Chembl2204770	0	-2	-2	4	0	0	1	KCFYEAOKVJSACF-UHFFFAOYSA-N			Umifenovir		
NEILEDNOTIXAIO-UHFFFAOYSA-N	Chembl122522	0	-2	-2	4	0	0	1	KCFYEAOKVJSACF-UHFFFAOYSA-N			Umifenovir		
RSOVUTMFSIKQHH-UHFFFAOYSA-N	Chembl1223125	0	-2	-2	4	0	0	1	KCFYEAOKVJSACF-UHFFFAOYSA-N			Umifenovir		
TXLRFCSLKMDOTM-UHFFFAOYSA-N	Chembl1079057	0	-2	-2	4	0	0	1	KCFYEAOKVJSACF-UHFFFAOYSA-N			Umifenovir		
QWEHDLTZJLQJDV-UHFFFAOYSA-N	Ac1M65Tm	0	-2	-2	4	0	0	1	KCFYEAOKVJSACF-UHFFFAOYSA-N			Umifenovir		
PLELQCWJTXDGHD-UHFFFAOYSA-N	Chembl291239	0	-2	-2	4	0	0	1	KCFYEAOKVJSACF-UHFFFAOYSA-N			Umifenovir		
ZABIMHRWORHDFC-UHFFFAOYSA-N	F0239-0554	0	-2	-2	4	0	0	1	KCFYEAOKVJSACF-UHFFFAOYSA-N			Umifenovir		
BRCITODEJQWUIL-UHFFFAOYSA-N	Mls000551370	0	-2	-2	4	0	0	1	KCFYEAOKVJSACF-UHFFFAOYSA-N			Umifenovir		
YSDNTJBORIAYFL-UHFFFAOYSA-N	1H-Pyrrole-2,4-Dicarboxylic Acid, 3-Ethyl-5-Formyl-, Diethyl Ester	0	-2	-2	4	0	0	1	KCFYEAOKVJSACF-UHFFFAOYSA-N			Umifenovir		
FAIJNCAKHQGHTO-UHFFFAOYSA-N	Nsc720985	0	-2	-2	4	0	0	1	KCFYEAOKVJSACF-UHFFFAOYSA-N			Umifenovir		
CDUXGYTXOVNOGO-UHFFFAOYSA-N	Ac1P0Y5Z	0	-2	-2	4	0	0	1	KCFYEAOKVJSACF-UHFFFAOYSA-N			Umifenovir		
ODROUSQWRNAYBD-UHFFFAOYSA-N	Schembl16231733	0	-2	-2	4	0	0	1	KCFYEAOKVJSACF-UHFFFAOYSA-N			Umifenovir		
VIMMVCAKDVTEMS-UHFFFAOYSA-N	Molport-000-849-692	0	-2	-2	4	0	0	1	KCFYEAOKVJSACF-UHFFFAOYSA-N			Umifenovir		
ZOEQZRDHXXEEAC-UHFFFAOYSA-N	Chembl201669	0	-2	-2	4	0	0	1	KCFYEAOKVJSACF-UHFFFAOYSA-N			Umifenovir		
GOANHEORXGMFQT-UHFFFAOYSA-N	GOANHEORXGMFQT-UHFFFAOYSA-N	0	-2	-2	4	0	0	1	KCFYEAOKVJSACF-UHFFFAOYSA-N			Umifenovir		
CNEZHWRUMPZLNI-UHFFFAOYSA-N	St50591988	0	-2	-2	4	0	0	1	KCFYEAOKVJSACF-UHFFFAOYSA-N			Umifenovir		
QWXQHEJVLSGXPM-UHFFFAOYSA-N	Chembl210845	0	-2	-2	4	0	0	1	KCFYEAOKVJSACF-UHFFFAOYSA-N			Umifenovir		
DYNIQTWESDYQFJ-UHFFFAOYSA-N	F1736-0847	0	-2	-2	4	0	0	1	KCFYEAOKVJSACF-UHFFFAOYSA-N			Umifenovir		
BHMNBXRQXOOMAC-UFWORHAWSA-N	Mls001139214	0	-2	-2	4	0	0	1	KCFYEAOKVJSACF-UHFFFAOYSA-N			Umifenovir		
VNVQDZYVYSSSEG-UHFFFAOYSA-N	Chembl266875	0	-2	-2	4	0	0	1	KCFYEAOKVJSACF-UHFFFAOYSA-N			Umifenovir		
JCJYZOLORQHTDS-UHFFFAOYSA-N	5-(2-Dimethylamino-Ethoxy)-1,2-Dimethyl-1H-Indole-3-Carboxylic Acid Ethyl Ester	0	-2	-2	4	0	0	1	KCFYEAOKVJSACF-UHFFFAOYSA-N	XFCLJVABOIYOMF-QPLCGJKRSA-N		Umifenovir	Toremifene	
PIZBEYRLYBNTOW-UHFFFAOYSA-N	Stk321602	0	-2	-2	4	0	0	1	KCFYEAOKVJSACF-UHFFFAOYSA-N			Umifenovir		
IDHVADDUKGCQIO-UHFFFAOYSA-N	Chembl2088311	0	-2	-2	4	0	0	1	KCFYEAOKVJSACF-UHFFFAOYSA-N			Umifenovir		
OWXCOIPJLAABHQ-UHFFFAOYSA-N	Af-399/34011006	0	-2	-2	4	0	0	1	KCFYEAOKVJSACF-UHFFFAOYSA-N			Umifenovir		
MZCFJFYZKVHMAH-UHFFFAOYSA-N	Mls000554689	0	-2	-2	4	0	0	1	KCFYEAOKVJSACF-UHFFFAOYSA-N			Umifenovir		
DHCNAWNKZMNTIS-GFCCVEGCSA-N	Tocris-0571	0	-2	-2	4	0	0	1	KCFYEAOKVJSACF-UHFFFAOYSA-N			Umifenovir		
AXIYCFYPYAVROC-UHFFFAOYSA-N	Ac1Mh0U0	0	-2	-2	4	0	0	1	KCFYEAOKVJSACF-UHFFFAOYSA-N			Umifenovir		
LOCKQNUKWBIMMS-UHFFFAOYSA-N	Chembl184531	0	-2	-2	4	0	0	1	KCFYEAOKVJSACF-UHFFFAOYSA-N			Umifenovir		
CUHAMGYOMBKPLA-HTXNQAPBSA-N	CUHAMGYOMBKPLA-HTXNQAPBSA-N	0	-2	-2	4	0	0	1	KCFYEAOKVJSACF-UHFFFAOYSA-N			Umifenovir		
NLUFNWLTQGIRQW-UHFFFAOYSA-N	Benzamide, N-[(Phenylthio)Methyl]-	0	-2	-2	4	0	0	1	KCFYEAOKVJSACF-UHFFFAOYSA-N			Umifenovir		
CFLWLEVJPYRFSC-UHFFFAOYSA-N	Ac1Ma6Kz	0	-2	-2	4	0	0	1	KCFYEAOKVJSACF-UHFFFAOYSA-N			Umifenovir		
JEVFRXRSSFHFRL-UHFFFAOYSA-N	Mls000881453	0	-2	-2	4	0	0	1	KCFYEAOKVJSACF-UHFFFAOYSA-N			Umifenovir		
IGQRDGUSAWLIDF-DJKKODMXSA-N	Ac1Obzg1	0	-2	-2	4	0	0	1	KCFYEAOKVJSACF-UHFFFAOYSA-N			Umifenovir		
GJHACXPIFHYIEZ-UHFFFAOYSA-N	Nsc673420	0	-2	-2	4	0	0	1	KCFYEAOKVJSACF-UHFFFAOYSA-N			Umifenovir		
JVNGIXTYBDQIED-UHFFFAOYSA-N	Ethyl 5-(2-Chloropropanoyl)-2,4-Dimethyl-1H-Pyrrole-3-Carboxylate	0	-2	-2	4	0	0	1	VSZGPKBBMSAYNT-RRFJBIMHSA-N	KCFYEAOKVJSACF-UHFFFAOYSA-N		Oseltamivir	Umifenovir	
YZMISGGWDOOHHH-UHFFFAOYSA-N	Mls000877573	0	-2	-2	4	0	0	1	KCFYEAOKVJSACF-UHFFFAOYSA-N			Umifenovir		
BHLOYQWOOJJHHU-WUXMJOGZSA-N	BHLOYQWOOJJHHU-WUXMJOGZSA-N	0	-2	-2	4	0	0	1	KCFYEAOKVJSACF-UHFFFAOYSA-N			Umifenovir		
HJZRMYRSMHLBMM-UHFFFAOYSA-N	Smr000011302	0	-2	-2	4	0	0	1	KCFYEAOKVJSACF-UHFFFAOYSA-N			Umifenovir		
ABHJVAZWQJYWSZ-UHFFFAOYSA-N	Ethyl 2-(4-Methoxyphenyl)-1-Indolizinecarboxylate	0	-2	-2	4	0	0	1	KCFYEAOKVJSACF-UHFFFAOYSA-N			Umifenovir		
ZHFFAGMHGHXGMD-UHFFFAOYSA-N	Smr000196440	0	-2	-2	4	0	0	1	KCFYEAOKVJSACF-UHFFFAOYSA-N			Umifenovir		
RBXIYNQUDBEIKH-UHFFFAOYSA-N	Mls000065343	0	-2	-2	4	0	0	1	KCFYEAOKVJSACF-UHFFFAOYSA-N			Umifenovir		
KILCMVKOWWCSAB-UHFFFAOYSA-N	11K-613S	0	-2	-2	4	0	0	1	KCFYEAOKVJSACF-UHFFFAOYSA-N			Umifenovir		
FPBSAQDOGXIBNI-UHFFFAOYSA-N	3-{[(4-Chlorophenyl)Sulfanyl]Methyl}-1-Methyl-1H-Pyrazol-5-Ol	0	-2	-2	4	0	0	1	KCFYEAOKVJSACF-UHFFFAOYSA-N			Umifenovir		
CBFXRTSHUMEYKQ-UHFFFAOYSA-N	2-Amino-6-Aminomethyl-8-Phenylsulfanylmethyl-3h-Quinazolin-4-One	1	-2	-2	4	0	0	1	KCFYEAOKVJSACF-UHFFFAOYSA-N			Umifenovir		
XZFAEKDEAQZKCN-NSHDSACASA-N	Nsc-227265	0	-2	-2	4	0	0	1	KCFYEAOKVJSACF-UHFFFAOYSA-N			Umifenovir		
VUHKUSMYGGHQPI-UFFVCSGVSA-N	Mls001142836	0	-2	-2	4	0	0	1	KCFYEAOKVJSACF-UHFFFAOYSA-N			Umifenovir		
ZMPOAVFQSXUDDV-UHFFFAOYSA-N	Mls000097769	0	-2	-2	4	0	0	1	KCFYEAOKVJSACF-UHFFFAOYSA-N			Umifenovir		
PBRHNJQCRCVADQ-UHFFFAOYSA-N	Chembl141548	0	-2	-2	4	0	0	1	KCFYEAOKVJSACF-UHFFFAOYSA-N			Umifenovir		
IUZLUPKKYDAWNH-UHFFFAOYSA-N	Ethyl 4-Amino-5-Fluoro-2-Methylquinoline-3-Carboxylate	0	-2	-2	4	0	0	1	KCFYEAOKVJSACF-UHFFFAOYSA-N	VSZGPKBBMSAYNT-RRFJBIMHSA-N		Umifenovir	Oseltamivir	
UKKMSDNUYOWQPO-UHFFFAOYSA-N	Mls000534840	0	-2	-2	4	0	0	1	KCFYEAOKVJSACF-UHFFFAOYSA-N			Umifenovir		
SEOZHXRTVJPQPZ-UHFFFAOYSA-N	42753-71-9	0	-2	-2	4	0	0	1	KCFYEAOKVJSACF-UHFFFAOYSA-N			Umifenovir		
VZRXTQMNJTZSNH-UHFFFAOYSA-N	Ac1M8Mgq	0	-2	-2	4	0	0	1	KCFYEAOKVJSACF-UHFFFAOYSA-N			Umifenovir		
WCDMZYLZUNFULY-UHFFFAOYSA-N	Chembl3355959	0	-2	-2	4	0	0	1	KCFYEAOKVJSACF-UHFFFAOYSA-N			Umifenovir		
ZJOATKLQTCGUSP-UHFFFAOYSA-N	Nsc232965	0	-2	-2	4	0	0	1	KCFYEAOKVJSACF-UHFFFAOYSA-N			Umifenovir		
JVOZIFHFAIJCMB-UHFFFAOYSA-N	Chembl199691	0	-2	-2	4	0	0	1	KCFYEAOKVJSACF-UHFFFAOYSA-N			Umifenovir		
WVDGOKGKRSRHKQ-UHFFFAOYSA-N	Smr000042797	0	-2	-2	4	0	0	1	KCFYEAOKVJSACF-UHFFFAOYSA-N			Umifenovir		
WVSOTBSXFZKNRX-UHFFFAOYSA-N	Smr000073950	0	-2	-2	4	0	0	1	KCFYEAOKVJSACF-UHFFFAOYSA-N			Umifenovir		
KKAZJHZXAXDKTE-UHFFFAOYSA-N	Mls000390827	0	-2	-2	4	0	0	1	KCFYEAOKVJSACF-UHFFFAOYSA-N			Umifenovir		
IQVPVXJSPPIANQ-UHFFFAOYSA-N	Mls000877559	0	-2	-2	4	0	0	1	KCFYEAOKVJSACF-UHFFFAOYSA-N			Umifenovir		
DCCWNYJXGNAWRL-UHFFFAOYSA-N	Mls000666083	0	-2	-2	4	0	0	1	KCFYEAOKVJSACF-UHFFFAOYSA-N			Umifenovir		
SEPCTLJXXVBBGY-UHFFFAOYSA-N	St056268	0	-2	-2	4	0	0	1	KCFYEAOKVJSACF-UHFFFAOYSA-N			Umifenovir		
AQLIJDZJAUVNPS-UHFFFAOYSA-N	Chembl605093	0	-2	-2	4	0	0	1	KCFYEAOKVJSACF-UHFFFAOYSA-N			Umifenovir		
CSRQGGQDNMNQEX-UHFFFAOYSA-N	Chembl3355950	0	-2	-2	4	0	0	1	KCFYEAOKVJSACF-UHFFFAOYSA-N			Umifenovir		
NBJRVAKOVIFMNE-UHFFFAOYSA-N	Smr000045046	0	-2	-2	4	0	0	1	KCFYEAOKVJSACF-UHFFFAOYSA-N			Umifenovir		
DTLOPFQYOFOEIK-UHFFFAOYSA-N	N-(1-Hydroxy-2-Methylpropan-2-Yl)-2-[1-Methyl-3-(Phenylsulfanyl)-1H-Indol-2-Yl]Acetamide	0	-2	-2	4	0	0	1	KCFYEAOKVJSACF-UHFFFAOYSA-N			Umifenovir		
VQDKSJMDSZZJER-UHFFFAOYSA-N	1539-44-2	0	-2	-2	4	0	0	1	KCFYEAOKVJSACF-UHFFFAOYSA-N			Umifenovir		
NJNKZMOPGWSRLN-UHFFFAOYSA-N	Gnf-Pf-5629	0	-2	-2	4	0	0	1	OVCDSSHSILBFBN-UHFFFAOYSA-N	KCFYEAOKVJSACF-UHFFFAOYSA-N		Amodiaquine	Umifenovir	
OOYKRIOBYWCBMV-UHFFFAOYSA-N	Chembl1093727	0	-2	-2	4	0	0	1	KCFYEAOKVJSACF-UHFFFAOYSA-N			Umifenovir		
ZTUGCSUJDSMROW-UHFFFAOYSA-N	Smr000249372	0	-2	-2	4	0	0	1	KCFYEAOKVJSACF-UHFFFAOYSA-N			Umifenovir		
MFQZBXOSPJULPA-UHFFFAOYSA-N	Chembl1089354	0	-2	-2	4	0	0	1	KCFYEAOKVJSACF-UHFFFAOYSA-N			Umifenovir		
UJTPMHSWKSWXKH-UHFFFAOYSA-N	2-(Phenylsulfanyl)-N-[2-(4-Sulfamoylphenyl)Ethyl]Acetamide	0	-2	-2	4	0	0	1	KCFYEAOKVJSACF-UHFFFAOYSA-N			Umifenovir		
KKRHMHVWHTZXRI-UHFFFAOYSA-N	Diethyl 4-(Furan-2-Yl)-2,6-Dimethylpyridine-3,5-Dicarboxylate	0	-2	-2	4	0	0	1	KCFYEAOKVJSACF-UHFFFAOYSA-N			Umifenovir		
KKRGEIXTNOLDJQ-UHFFFAOYSA-N	Schembl2395040	0	-2	-2	4	0	0	1	KCFYEAOKVJSACF-UHFFFAOYSA-N			Umifenovir		
WQKPRWBYNOIBTL-UHFFFAOYSA-N	Nsc-89508	0	-2	-2	4	0	0	1	KCFYEAOKVJSACF-UHFFFAOYSA-N			Umifenovir		
UQSRXQMIXSZGLA-UHFFFAOYSA-N	Ethyl 2,4-Dihydroxy-6-Methylbenzoate	0	-2	-2	4	0	0	1	KCFYEAOKVJSACF-UHFFFAOYSA-N	RHMXXJGYXNZAPX-UHFFFAOYSA-N		Umifenovir	Emodin	
USXVPPOARMSYGY-UHFFFAOYSA-N	22262-60-8	0	-2	-2	4	0	0	1	KCFYEAOKVJSACF-UHFFFAOYSA-N			Umifenovir		
UWBXGVMJRWXCIM-UHFFFAOYSA-N	Smr000073410	0	-2	-2	4	0	0	1	KCFYEAOKVJSACF-UHFFFAOYSA-N			Umifenovir		
KOEREEZJOBNEBN-UHFFFAOYSA-N	Smr000148786	0	-2	-2	4	0	0	1	PHRCDWVPTULQMT-UHFFFAOYSA-N	KCFYEAOKVJSACF-UHFFFAOYSA-N		Pb-28	Umifenovir	
JWWRXYGDPUKNMF-UHFFFAOYSA-N	Tcmdc-124248	0	-2	-2	4	0	0	1	KCFYEAOKVJSACF-UHFFFAOYSA-N			Umifenovir		
ZFOXXXRGHGCJGP-UHFFFAOYSA-N	Dihydroquinoline Compound, 22	0	-2	-2	4	0	0	1	KCFYEAOKVJSACF-UHFFFAOYSA-N			Umifenovir		
UFZCVNIUMATMLR-UHFFFAOYSA-N	Ethyl 2-Phenyl-1-Indolizinecarboxylate	0	-2	-2	4	0	0	1	KCFYEAOKVJSACF-UHFFFAOYSA-N			Umifenovir		
SKQRVOXIIAXXEM-UHFFFAOYSA-N	35-dibromobiphenyl-4-ol	1	-2	-2	4	0	0	1	KCFYEAOKVJSACF-UHFFFAOYSA-N			Umifenovir		
YRBZKPKZJNRCEW-UHFFFAOYSA-N	Smr000096124	0	-2	-2	4	0	0	1	KCFYEAOKVJSACF-UHFFFAOYSA-N	OVCDSSHSILBFBN-UHFFFAOYSA-N		Umifenovir	Amodiaquine	
OAGGHKTZJVPDPR-UHFFFAOYSA-N	Mls000065342	0	-2	-2	4	0	0	1	KCFYEAOKVJSACF-UHFFFAOYSA-N			Umifenovir		
DNHSHXYCJODQKR-UHFFFAOYSA-N	Ac1Nfetl	0	-2	-2	4	0	0	1	KCFYEAOKVJSACF-UHFFFAOYSA-N			Umifenovir		
IFFYUNXIUPLZMQ-QGZVFWFLSA-N	Chembl110835	0	-2	-2	4	0	0	1	KCFYEAOKVJSACF-UHFFFAOYSA-N			Umifenovir		
BOALVBYVTVEEQS-UHFFFAOYSA-N	Chembl1917463	0	-2	-2	4	0	0	1	KCFYEAOKVJSACF-UHFFFAOYSA-N			Umifenovir		
FJBLIUQCVBZJPX-UHFFFAOYSA-N	Chembl1559600	0	-2	-2	4	0	0	1	KCFYEAOKVJSACF-UHFFFAOYSA-N			Umifenovir		
HODZVUNFLGXUQV-UHFFFAOYSA-N	Ac1Lqaen	0	-2	-2	4	0	0	1	KCFYEAOKVJSACF-UHFFFAOYSA-N			Umifenovir		
PYSJKGKPJBUYQS-UHFFFAOYSA-N	Chembl2262491	0	-2	-2	4	0	0	1	KCFYEAOKVJSACF-UHFFFAOYSA-N			Umifenovir		
REXBLBADTJGIBP-UHFFFAOYSA-N	Ethyl 1-Butyl-4-Hydroxy-2-Oxo-1,2-Dihydroquinoline-3-Carboxylate	0	-2	-2	4	0	0	1	KCFYEAOKVJSACF-UHFFFAOYSA-N			Umifenovir		
UUZOSOMEKJFJPJ-ZRZAMGCNSA-N	Chembl465271	0	-2	-2	4	0	0	1	KCFYEAOKVJSACF-UHFFFAOYSA-N			Umifenovir		
SULCWUZWSMVCSI-UHFFFAOYSA-N	[4-Bromo-3-(Methylsulfonylthiomethyl)-2,2,5,5-Tetramethyl-3-Pyrroline-1-Yloxy]Radical	0	-2	-2	4	0	0	1	KCFYEAOKVJSACF-UHFFFAOYSA-N			Umifenovir		
NXSJWEAKJGETRH-UHFFFAOYSA-N	Mls000877579	0	-2	-2	4	0	0	1	KCFYEAOKVJSACF-UHFFFAOYSA-N			Umifenovir		
MMBPOQASTKXFCX-UHFFFAOYSA-N	4-[(Pyridin-3-Ylmethyl)Thio]Aniline	0	-2	-2	4	0	0	1	KCFYEAOKVJSACF-UHFFFAOYSA-N			Umifenovir		
WCQQWKPAQUBRSU-UHFFFAOYSA-N	Mls000877577	0	-2	-2	4	0	0	1	KCFYEAOKVJSACF-UHFFFAOYSA-N			Umifenovir		
IFGPPTJFFKIJIC-UHFFFAOYSA-N	Ac1Mdbu8	0	-2	-2	4	0	0	1	KCFYEAOKVJSACF-UHFFFAOYSA-N			Umifenovir		
JYWOJZSBCMJMLR-UHFFFAOYSA-N	Mls000687438	0	-2	-2	4	0	0	1	KCFYEAOKVJSACF-UHFFFAOYSA-N			Umifenovir		
OEKPKPDAKHFEQJ-UHFFFAOYSA-N	Mls000560787	0	-2	-2	4	0	0	1	KCFYEAOKVJSACF-UHFFFAOYSA-N			Umifenovir		
GOROEWQCTXXDJM-MSOLQXFVSA-N	Chembl607273	0	-2	-2	4	0	0	1	KCFYEAOKVJSACF-UHFFFAOYSA-N			Umifenovir		
PAXBAEACGXWSRC-UHFFFAOYSA-N	Schembl3368363	0	-2	-2	4	0	0	1	KCFYEAOKVJSACF-UHFFFAOYSA-N			Umifenovir		
PWPXSQUXDZUGJW-UHFFFAOYSA-N	Ethyl 4-Formyl-2,5-Dimethyl-1H-Pyrrole-3-Carboxylate	0	-2	-2	4	0	0	1	KCFYEAOKVJSACF-UHFFFAOYSA-N			Umifenovir		
AWQHGKQDMXEODE-UHFFFAOYSA-N	2-{[(4-Chlorophenyl)Thio]Methyl}-1H-Benzimidazole	0	-2	-2	4	0	0	1	KCFYEAOKVJSACF-UHFFFAOYSA-N			Umifenovir		
SSGXGGUYJQTXOV-UHFFFAOYSA-N	6-[(Phenylsulfanyl)Methyl]-2-(4-Pyridinyl)-4-Pyrimidinol	0	-2	-2	4	0	0	1	KCFYEAOKVJSACF-UHFFFAOYSA-N			Umifenovir		
LMHGBFYJFBCPAH-UHFFFAOYSA-N	Chembl83553	0	-2	-2	4	0	0	1	KCFYEAOKVJSACF-UHFFFAOYSA-N			Umifenovir		
GUFOXFGOAZJHND-UHFFFAOYSA-N	Mls000684660	0	-2	-2	4	0	0	1	KCFYEAOKVJSACF-UHFFFAOYSA-N			Umifenovir		
LEYSMPANZFBHNT-UHFFFAOYSA-N	F2537-1287	0	-2	-2	4	0	0	1	KCFYEAOKVJSACF-UHFFFAOYSA-N			Umifenovir		
QSWFVCDBEFNMMH-UHFFFAOYSA-N	Mls000877580	0	-2	-2	4	0	0	1	KCFYEAOKVJSACF-UHFFFAOYSA-N			Umifenovir		
BQMGPIIJXGVJCJ-MTDXEUNCSA-N	BQMGPIIJXGVJCJ-MTDXEUNCSA-N	0	-2	-2	4	0	0	1	KCFYEAOKVJSACF-UHFFFAOYSA-N			Umifenovir		
VYKXVJITVPYYRF-UHFFFAOYSA-N	Ac1Mbpk0	0	-2	-2	4	0	0	1	KCFYEAOKVJSACF-UHFFFAOYSA-N			Umifenovir		
OXYKUCGUWCMDHZ-UHFFFAOYSA-N	Chembl1362335	0	-2	-2	4	0	0	1	KCFYEAOKVJSACF-UHFFFAOYSA-N			Umifenovir		
FBKLCZPXKYOIAC-UHFFFAOYSA-N	Nsc260922	0	-2	-2	4	0	0	1	KCFYEAOKVJSACF-UHFFFAOYSA-N			Umifenovir		
IWNUQKTYIYGTEN-UHFFFAOYSA-N	Mls001166297	0	-2	-2	4	0	0	1	KCFYEAOKVJSACF-UHFFFAOYSA-N			Umifenovir		
HEQCYTJMGKLLFD-UHFFFAOYSA-N	Chembl1480841	0	-2	-2	4	0	0	1	KCFYEAOKVJSACF-UHFFFAOYSA-N			Umifenovir		
GPCUMIOFOAIHFP-UHFFFAOYSA-N	Chembl1257442	0	-2	-2	4	0	0	1	KCFYEAOKVJSACF-UHFFFAOYSA-N			Umifenovir		
CEQMZQRHTXAKGF-UHFFFAOYSA-N	Mls000106126	0	-2	-2	4	0	0	1	KCFYEAOKVJSACF-UHFFFAOYSA-N			Umifenovir		
CMCZAWPDHHYFPU-UHFFFAOYSA-N	70254-52-3	0	-2	-2	4	0	0	1	KCFYEAOKVJSACF-UHFFFAOYSA-N			Umifenovir		
ZZPCLTIJTRXIST-UHFFFAOYSA-N	Chembl1090974	0	-2	-2	4	0	0	1	KCFYEAOKVJSACF-UHFFFAOYSA-N			Umifenovir		
FBTMLLNWEFZLSO-UHFFFAOYSA-N	Mls000664008	0	-2	-2	4	0	0	1	KCFYEAOKVJSACF-UHFFFAOYSA-N			Umifenovir		
RMOBLQOVTXFVMH-UHFFFAOYSA-N	Mls000108378	0	-2	-2	4	0	0	1	KCFYEAOKVJSACF-UHFFFAOYSA-N			Umifenovir		
XCBGSNNUPRHJGR-LJQANCHMSA-N	6Uc	0	-2	-2	4	0	0	1	KCFYEAOKVJSACF-UHFFFAOYSA-N			Umifenovir		
CRDFONUBVPHKSJ-UHFFFAOYSA-N	Ac1Msmkh	0	-2	-2	4	0	0	1	KCFYEAOKVJSACF-UHFFFAOYSA-N			Umifenovir		
RRSGLOBQAVSVJW-UHFFFAOYSA-N	Smr000630609	0	-2	-2	4	0	0	1	KCFYEAOKVJSACF-UHFFFAOYSA-N			Umifenovir		
RAYJYCQGJDDKRN-UHFFFAOYSA-N	Methyl 4-{[(2-Chloro-1,3-Thiazol-5-Yl)Methyl]Sulfanyl}Benzenecarboxylate	0	-2	-2	4	0	0	1	KCFYEAOKVJSACF-UHFFFAOYSA-N			Umifenovir		
WMVYUPRIADVLTH-VOTSOKGWSA-N	26-dibromo-4-[(E)-2-phenylethenyl]phenol	1	-2	-2	4	0	0	1	LUKBXSAWLPMMSZ-OWOJBTEDSA-N	KCFYEAOKVJSACF-UHFFFAOYSA-N		Resveratrol	Umifenovir	
REVJINPNIJEZIE-UHFFFAOYSA-N	Smr000064863	0	-2	-2	4	0	0	1	KCFYEAOKVJSACF-UHFFFAOYSA-N			Umifenovir		
JRUYBHHBBGZBGS-UHFFFAOYSA-N	Ethyl 3-Amino-5-Phenyl-1H-Pyrazole-4-Carboxylate	0	-2	-2	4	0	0	1	KCFYEAOKVJSACF-UHFFFAOYSA-N			Umifenovir		
AHEAUICPFBCZIT-UHFFFAOYSA-N	Nsc717561	0	-2	-2	4	0	0	1	KCFYEAOKVJSACF-UHFFFAOYSA-N			Umifenovir		
CQOYTYRUWUDXKG-UHFFFAOYSA-N	Chembl1602165	0	-2	-2	4	0	0	1	KCFYEAOKVJSACF-UHFFFAOYSA-N			Umifenovir		
UGCIHMSPBNTSDQ-UHFFFAOYSA-N	Chembl280388	0	-2	-2	4	0	0	1	KCFYEAOKVJSACF-UHFFFAOYSA-N			Umifenovir		
XEUFPMIQFRHEOA-UHFFFAOYSA-N	Chembl1318611	0	-2	-2	4	0	0	1	KCFYEAOKVJSACF-UHFFFAOYSA-N			Umifenovir		
UXCKFJXUDPKFFB-UHFFFAOYSA-N	F1142-0865	0	-2	-2	4	0	0	1	KCFYEAOKVJSACF-UHFFFAOYSA-N			Umifenovir		
SQFXATUXPUCFFO-UHFFFAOYSA-N	Tetrabromophenolphthalein Ethyl Ester	0	-2	-2	4	0	0	1	KCFYEAOKVJSACF-UHFFFAOYSA-N			Umifenovir		
OXWGUAZBIPGMPW-YBFXNURJSA-N	Chembl490569	0	-2	-2	4	0	0	1	JRURYQJSLYLRLN-BJMVGYQFSA-N	KCFYEAOKVJSACF-UHFFFAOYSA-N		Entacapone	Umifenovir	
NDJKJLMJAGRKRK-UHFFFAOYSA-N	Chembl597981	0	-2	-2	4	0	0	1	KCFYEAOKVJSACF-UHFFFAOYSA-N			Umifenovir		
KBJLPKYOMLJEHI-UHFFFAOYSA-N	8J-552S	0	-2	-2	4	0	0	1	KCFYEAOKVJSACF-UHFFFAOYSA-N			Umifenovir		
OBZHVDLZKSBVGW-UHFFFAOYSA-N	Mls000114209	0	-2	-2	4	0	0	1	KCFYEAOKVJSACF-UHFFFAOYSA-N			Umifenovir		
OERILUXYVNYSEL-UHFFFAOYSA-N	St50719790	0	-2	-2	4	0	0	1	KCFYEAOKVJSACF-UHFFFAOYSA-N			Umifenovir		
UEDLWIRTZPFMMQ-MDZDMXLPSA-N	Chembl1213659	0	-2	-2	4	0	0	1	KCFYEAOKVJSACF-UHFFFAOYSA-N			Umifenovir		
WALRMGPWMJPYTE-UHFFFAOYSA-N	3K-574S	0	-2	-2	4	0	0	1	KCFYEAOKVJSACF-UHFFFAOYSA-N			Umifenovir		
OGXGATRCXHSTEV-UHFFFAOYSA-N	Ac1Nlc8Z	0	-2	-2	4	0	0	1	KCFYEAOKVJSACF-UHFFFAOYSA-N			Umifenovir		
ZDNRSFQTWFIIDN-UHFFFAOYSA-N	Chembl3355941	0	-2	-2	4	0	0	1	KCFYEAOKVJSACF-UHFFFAOYSA-N			Umifenovir		
ZZYHQOMQXQFRSH-UHFFFAOYSA-N	Nsc720727	0	-2	-2	4	0	0	1	KCFYEAOKVJSACF-UHFFFAOYSA-N			Umifenovir		
VGSIRAQVBHNNJM-UHFFFAOYSA-N	Chembl2204768	0	-2	-2	4	0	0	1	KCFYEAOKVJSACF-UHFFFAOYSA-N			Umifenovir		
DLAWRRBFTOVHMZ-UHFFFAOYSA-N	Ac1Md5Xg	0	-2	-2	4	0	0	1	KCFYEAOKVJSACF-UHFFFAOYSA-N			Umifenovir		
FLHWJKMEVNETFK-UHFFFAOYSA-N	FLHWJKMEVNETFK-UHFFFAOYSA-N	0	-2	-2	4	0	0	1	KCFYEAOKVJSACF-UHFFFAOYSA-N			Umifenovir		
JWWDUIBPFIEOPE-UHFFFAOYSA-N	Chembl37495	0	-2	-2	4	0	0	1	KCFYEAOKVJSACF-UHFFFAOYSA-N			Umifenovir		
BKXRISMBKWAGAR-UHFFFAOYSA-N	Ethyl 5-[(4-Acetamidophenyl)Carbamoyl]-2,4-Dimethyl-1H-Pyrrole-3-Carboxylate	0	-2	-2	4	0	0	1	VSZGPKBBMSAYNT-RRFJBIMHSA-N	KCFYEAOKVJSACF-UHFFFAOYSA-N		Oseltamivir	Umifenovir	
WCVOKGUMZVZBJU-UHFFFAOYSA-N	Chembl2204767	0	-2	-2	4	0	0	1	KCFYEAOKVJSACF-UHFFFAOYSA-N			Umifenovir		
TVNCNTCUVVIUJE-UHFFFAOYSA-N	Ac1Mu1N3	0	-2	-2	4	0	0	1	KCFYEAOKVJSACF-UHFFFAOYSA-N			Umifenovir		
GKLPZXFDZYWBIY-YDZHTSKRSA-N	Mls001142874	0	-2	-2	4	0	0	1	KCFYEAOKVJSACF-UHFFFAOYSA-N			Umifenovir		
IJYHDNYPTQOLNF-OVCLIPMQSA-N	Chembl520839	0	-2	-2	4	0	0	1	JRURYQJSLYLRLN-BJMVGYQFSA-N	KCFYEAOKVJSACF-UHFFFAOYSA-N		Entacapone	Umifenovir	
NXPPXFMDZJMYKY-UHFFFAOYSA-N	Chembl1089341	0	-2	-2	4	0	0	1	KCFYEAOKVJSACF-UHFFFAOYSA-N			Umifenovir		
UXHWDAJRTNZWPO-UHFFFAOYSA-N	Chembl22677	0	-2	-2	4	0	0	1	KCFYEAOKVJSACF-UHFFFAOYSA-N			Umifenovir		
WDAABQTUGUWDEI-UHFFFAOYSA-N	F1736-0846	0	-2	-2	4	0	0	1	KCFYEAOKVJSACF-UHFFFAOYSA-N			Umifenovir		
WZEWMBNWOJJFNU-UHFFFAOYSA-N	Chembl303758	0	-2	-2	4	0	0	1	KCFYEAOKVJSACF-UHFFFAOYSA-N			Umifenovir		
JULCQUSZPHPRJL-UHFFFAOYSA-N	Sri 8573	0	-2	-2	4	0	0	1	KCFYEAOKVJSACF-UHFFFAOYSA-N			Umifenovir		
TYPYIAOCHCKFIA-UHFFFAOYSA-N	Ac1Lalla	0	-2	-2	4	0	0	1	KCFYEAOKVJSACF-UHFFFAOYSA-N			Umifenovir		
YOSCRJPSFMTEEB-UHFFFAOYSA-N	N-(6-{[(4-Chlorophenyl)Sulfanyl]Methyl}-2-Methyl-4-Pyrimidinyl)-N-Methylamine	0	-2	-2	4	0	0	1	KCFYEAOKVJSACF-UHFFFAOYSA-N			Umifenovir		
RMBDLOATEPYBSI-NUGSKGIGSA-N	RMBDLOATEPYBSI-NUGSKGIGSA-N	0	-2	-2	4	0	0	1	KCFYEAOKVJSACF-UHFFFAOYSA-N			Umifenovir		
NDIZKEDXYHSOFY-UHFFFAOYSA-N	Chembl1271717	0	-2	-2	4	0	0	1	KCFYEAOKVJSACF-UHFFFAOYSA-N			Umifenovir		
WARMFKFSFBIBIH-UHFFFAOYSA-N	Chembl58810	0	-2	-2	4	0	0	1	KCFYEAOKVJSACF-UHFFFAOYSA-N			Umifenovir		
CYCUGYXZROHKEM-UHFFFAOYSA-N	Smr000151996	0	-2	-2	4	0	0	1	KCFYEAOKVJSACF-UHFFFAOYSA-N			Umifenovir		
IMJRXFQWRVCBJJ-UHFFFAOYSA-N	F1736-0843	0	-2	-2	4	0	0	1	KCFYEAOKVJSACF-UHFFFAOYSA-N			Umifenovir		
RFGYYFDLZYBJJU-UHFFFAOYSA-N	Chembl1515840	0	-2	-2	4	0	0	1	KCFYEAOKVJSACF-UHFFFAOYSA-N			Umifenovir		
KEKHFZHRQBTUCD-UHFFFAOYSA-N	1-(2-Methyl-1H-Indol-3-Yl)-2-[(4-Methylphenyl)Thio]Ethanone	0	-2	-2	4	0	0	1	KCFYEAOKVJSACF-UHFFFAOYSA-N			Umifenovir		
HBZKLFOMYUYDEU-UHFFFAOYSA-N	Chembl2204769	0	-2	-2	4	0	0	1	KCFYEAOKVJSACF-UHFFFAOYSA-N			Umifenovir		
WCYGMKRLXIWQNS-UHFFFAOYSA-N	Smr000041115	0	-2	-2	4	0	0	1	KCFYEAOKVJSACF-UHFFFAOYSA-N			Umifenovir		
NGHIXHSWJOSUST-UHFFFAOYSA-N	Mls000394905	0	-2	-2	4	0	0	1	KCFYEAOKVJSACF-UHFFFAOYSA-N			Umifenovir		
SUVLBORALZCNCX-LSFURLLWSA-N	Mls001142866	0	-2	-2	4	0	0	1	KCFYEAOKVJSACF-UHFFFAOYSA-N			Umifenovir		
QYDOCSVEPWCBHN-UHFFFAOYSA-N	Smr000249725	0	-2	-2	4	0	0	1	KCFYEAOKVJSACF-UHFFFAOYSA-N			Umifenovir		
JBETVXPVVZIUQF-LSHDLFTRSA-N	Mls000580338	0	-2	-2	4	0	0	1	KCFYEAOKVJSACF-UHFFFAOYSA-N			Umifenovir		
CRIZKKALFPATJF-UHFFFAOYSA-N	1-[3-(Phenylsulfanyl)Propanoyl]Piperidine-4-Carboxamide	0	-2	-2	4	0	0	1	KCFYEAOKVJSACF-UHFFFAOYSA-N			Umifenovir		
CGWQUOKSCDOWTG-UHFFFAOYSA-N	Chembl117547	0	-2	-2	4	0	0	1	KCFYEAOKVJSACF-UHFFFAOYSA-N			Umifenovir		
JULKRQGCYVMHSB-UHFFFAOYSA-N	Ac1Mo3Co	0	-2	-2	4	0	0	1	KCFYEAOKVJSACF-UHFFFAOYSA-N			Umifenovir		
WNBGEQYHSUPDGN-UHFFFAOYSA-N	Mls001164273	0	-2	-2	4	0	0	1	KCFYEAOKVJSACF-UHFFFAOYSA-N			Umifenovir		
MSRIEPUCMOLKEE-UHFFFAOYSA-N	Mls000326372	0	-2	-2	4	0	0	1	KCFYEAOKVJSACF-UHFFFAOYSA-N			Umifenovir		
HHFUYSUUMGCGIO-UHFFFAOYSA-N	Mls003530176	0	-2	-2	4	0	0	1	KCFYEAOKVJSACF-UHFFFAOYSA-N			Umifenovir		
PYYGJCYIQDJBDR-UHFFFAOYSA-N	Nsc48881	0	-2	-2	4	0	0	1	KCFYEAOKVJSACF-UHFFFAOYSA-N	DOMXUEMWDBAQBQ-UHFFFAOYSA-N		Umifenovir	Terbinafine	
UPMXNNIRAGDFEH-UHFFFAOYSA-N	Bromoxynil	0	-2	-2	4	0	0	1	KCFYEAOKVJSACF-UHFFFAOYSA-N			Umifenovir		
GHMOISZEIKTQDE-UHFFFAOYSA-N	4-{[(2-Chloro-1,3-Thiazol-5-Yl)Methyl]Sulfanyl}Benzenecarboxylic Acid	0	-2	-2	4	0	0	1	KCFYEAOKVJSACF-UHFFFAOYSA-N			Umifenovir		
OQRODWLIUBNBSG-UHFFFAOYSA-N	Ac1M9Ftc	0	-2	-2	4	0	0	1	KCFYEAOKVJSACF-UHFFFAOYSA-N			Umifenovir		
UFYMVJLILOQOCV-UHFFFAOYSA-N	Smr000154646	0	-2	-2	4	0	0	1	KCFYEAOKVJSACF-UHFFFAOYSA-N			Umifenovir		
WFNHVKLFNZTOQI-UHFFFAOYSA-N	Ae-641/00359037	0	-2	-2	4	0	0	1	KCFYEAOKVJSACF-UHFFFAOYSA-N			Umifenovir		
GEXJJNBTMNBSOH-VURMDHGXSA-N	Ac1M4Rwc	0	-2	-2	4	0	0	1	KCFYEAOKVJSACF-UHFFFAOYSA-N			Umifenovir		
LFCOMJNOKDTFKR-UHFFFAOYSA-N	Nsc655900	0	-2	-2	4	0	0	1	KCFYEAOKVJSACF-UHFFFAOYSA-N			Umifenovir		
ARIWKXMOXGLFME-UHFFFAOYSA-N	Chembl605082	0	-2	-2	4	0	0	1	KCFYEAOKVJSACF-UHFFFAOYSA-N			Umifenovir		
IRKCYPUGOBXCFU-UHFFFAOYSA-N	Chembl493263	0	-2	-2	4	0	0	1	KCFYEAOKVJSACF-UHFFFAOYSA-N			Umifenovir		
GFAAYWVYHVWZLU-UHFFFAOYSA-N	Mls000877562	0	-2	-2	4	0	0	1	KCFYEAOKVJSACF-UHFFFAOYSA-N			Umifenovir		
RULLULHXQRMGMI-UHFFFAOYSA-N	St062474	0	-2	-2	4	0	0	1	KCFYEAOKVJSACF-UHFFFAOYSA-N			Umifenovir		
JWLUGUDRRNOLMC-UHFFFAOYSA-N	Ethyl 2-(4-Methylphenyl)-1-Indolizinecarboxylate	0	-2	-2	4	0	0	1	KCFYEAOKVJSACF-UHFFFAOYSA-N			Umifenovir		
LOXPASYRKYIYOE-LSFURLLWSA-N	Mls001142873	0	-2	-2	4	0	0	1	KCFYEAOKVJSACF-UHFFFAOYSA-N			Umifenovir		
PFNHVGLWSJTDCF-UHFFFAOYSA-N	Mls000665179	0	-2	-2	4	0	0	1	KCFYEAOKVJSACF-UHFFFAOYSA-N			Umifenovir		
DDUWJCZEDNCGNG-UHFFFAOYSA-N	4-Chloro-2-Phenyl-6-[(Phenylsulfanyl)Methyl]Pyrimidine	0	-2	-2	4	0	0	1	KCFYEAOKVJSACF-UHFFFAOYSA-N			Umifenovir		
IEQNKBXTFJWDGB-UHFFFAOYSA-N	CID29172003	0	-2	-2	4	0	0	1	KCFYEAOKVJSACF-UHFFFAOYSA-N			Umifenovir		
USCNGMQIMQWYCO-UHFFFAOYSA-N	Ac1Liu5L	0	-2	-2	4	0	0	1	KCFYEAOKVJSACF-UHFFFAOYSA-N			Umifenovir		
QJDFZNIKGFGPCR-UHFFFAOYSA-N	(4-Bromophenylsulfanyl)Pyruvic Acid	0	-2	-2	4	0	0	1	KCFYEAOKVJSACF-UHFFFAOYSA-N			Umifenovir		
YYUQETGYTLQQEC-UHFFFAOYSA-N	Mls001201343	0	-2	-2	4	0	0	1	KCFYEAOKVJSACF-UHFFFAOYSA-N			Umifenovir		
PREJBSGFXZTVGK-UHFFFAOYSA-N	St50691640	0	-2	-2	4	0	0	1	KCFYEAOKVJSACF-UHFFFAOYSA-N			Umifenovir		
XNVHJYWDQMUUDJ-UHFFFAOYSA-N	Mls000324620	0	-2	-2	4	0	0	1	KCFYEAOKVJSACF-UHFFFAOYSA-N			Umifenovir		
UBOJATHNUASNAV-UHFFFAOYSA-N	Ethyl 2,4,6-Trihydroxybenzoate	0	-2	-2	4	0	0	1	KCFYEAOKVJSACF-UHFFFAOYSA-N	RHMXXJGYXNZAPX-UHFFFAOYSA-N		Umifenovir	Emodin	
JUMPZQXIDXLIHI-UHFFFAOYSA-N	Chembl453714	0	-2	-2	4	0	0	1	KCFYEAOKVJSACF-UHFFFAOYSA-N			Umifenovir		
NNLHCQFFYNKDGS-UHFFFAOYSA-N	Ah-487/15582373	0	-2	-2	4	0	0	1	KCFYEAOKVJSACF-UHFFFAOYSA-N			Umifenovir		
ZAXKCSJWPKTBLB-UHFFFAOYSA-N	Mls000682134	0	-2	-2	4	0	0	1	KCFYEAOKVJSACF-UHFFFAOYSA-N			Umifenovir		
YWKUHQWROJZBHT-UHFFFAOYSA-N	Ethyl 4-(3-Chlorobenzyl)-2-Methyl-1H-Pyrrole-3-Carboxylate	0	-2	-2	4	0	0	1	KCFYEAOKVJSACF-UHFFFAOYSA-N			Umifenovir		
APCJDGOUFDLJBC-UHFFFAOYSA-N	Stk565520	0	-2	-2	4	0	0	1	KCFYEAOKVJSACF-UHFFFAOYSA-N			Umifenovir		
ACTWFMPOQDAIBV-UHFFFAOYSA-N	Ac1M8Z1Y	0	-2	-2	4	0	0	1	KCFYEAOKVJSACF-UHFFFAOYSA-N			Umifenovir		
DKLBFJLXPKVFCS-UHFFFAOYSA-N	Chembl300886	0	-2	-2	4	0	0	1	KCFYEAOKVJSACF-UHFFFAOYSA-N			Umifenovir		
HSOWNUHKXAAJKJ-UHFFFAOYSA-N	Chembl2088317	0	-2	-2	4	0	0	1	KCFYEAOKVJSACF-UHFFFAOYSA-N			Umifenovir		
IRRUJGMCBGBHEH-UHFFFAOYSA-N	Smr000062094	0	-2	-2	4	0	0	1	KCFYEAOKVJSACF-UHFFFAOYSA-N			Umifenovir		
WYZGZKCWULQWSH-UHFFFAOYSA-N	Mrs-1476	0	-2	-2	4	0	0	1	KCFYEAOKVJSACF-UHFFFAOYSA-N			Umifenovir		
SXLCRXONHXFNBM-UHFFFAOYSA-N	Mls000582084	0	-2	-2	4	0	0	1	KCFYEAOKVJSACF-UHFFFAOYSA-N			Umifenovir		
FSZHIOMSPVQYSJ-UHFFFAOYSA-N	Mls000111698	0	-2	-2	4	0	0	1	KCFYEAOKVJSACF-UHFFFAOYSA-N			Umifenovir		
HMDDZKREVHHSDA-UHFFFAOYSA-N	Nsc89500	0	-2	-2	4	0	0	1	KCFYEAOKVJSACF-UHFFFAOYSA-N			Umifenovir		
LAMMKLVPNOMHMX-UHFFFAOYSA-N	Ac1Lkguk	0	-2	-2	4	0	0	1	KCFYEAOKVJSACF-UHFFFAOYSA-N			Umifenovir		
LZAQEGWNAMGRAA-UHFFFAOYSA-N	Ethyl 6-Bromo-5-Hydroxy-2-Phenyl-1-Benzofuran-3-Carboxylate	0	-2	-2	4	0	0	1	KCFYEAOKVJSACF-UHFFFAOYSA-N			Umifenovir		
ZSFQSVKKBDHOFW-UHFFFAOYSA-N	Ac1Ltpic	0	-2	-2	4	0	0	1	KCFYEAOKVJSACF-UHFFFAOYSA-N	VSZGPKBBMSAYNT-RRFJBIMHSA-N		Umifenovir	Oseltamivir	
GROXOIPUBSRSOA-UHFFFAOYSA-N	Smr000064944	0	-2	-2	4	0	0	1	KCFYEAOKVJSACF-UHFFFAOYSA-N			Umifenovir		
AUDGWFIOBYFGCO-UHFFFAOYSA-N	Ak-968/41926516	0	-2	-2	4	0	0	1	KCFYEAOKVJSACF-UHFFFAOYSA-N			Umifenovir		
GTSBXXDMSSAJTI-UHFFFAOYSA-N	Mls001141960	0	-2	-2	4	0	0	1	KCFYEAOKVJSACF-UHFFFAOYSA-N			Umifenovir		
LUJFLIOCQVXVEV-UHFFFAOYSA-N	Chembl1611539	0	-2	-2	4	0	0	1	KCFYEAOKVJSACF-UHFFFAOYSA-N			Umifenovir		
SNNGDCZBDXHPIL-UHFFFAOYSA-N	Ac1Li8My	0	-2	-2	4	0	0	1	KCFYEAOKVJSACF-UHFFFAOYSA-N			Umifenovir		
UISAKULWAQLMOS-UHFFFAOYSA-N	Mls000579233	0	-2	-2	4	0	0	1	KCFYEAOKVJSACF-UHFFFAOYSA-N			Umifenovir		
XJNWVZMGXFJFFY-UHFFFAOYSA-N	Stk579926	0	-2	-2	4	0	0	1	KCFYEAOKVJSACF-UHFFFAOYSA-N			Umifenovir		
OYLCUBJGWXJMOR-UHFFFAOYSA-N	Brn 4235946	0	-2	-2	4	0	0	1	KCFYEAOKVJSACF-UHFFFAOYSA-N			Umifenovir		
FLGVDJSZZYYMFE-UHFFFAOYSA-N	St053082	0	-2	-2	4	0	0	1	KCFYEAOKVJSACF-UHFFFAOYSA-N			Umifenovir		
PAQVPRADGFPWLO-UHFFFAOYSA-N	Nsc671103	0	-2	-2	4	0	0	1	KCFYEAOKVJSACF-UHFFFAOYSA-N			Umifenovir		
SIIZCCNDYOGMPM-UHFFFAOYSA-N	Smr000153166	0	-2	-2	4	0	0	1	KCFYEAOKVJSACF-UHFFFAOYSA-N			Umifenovir		
XIYWKFCGSCFGAW-UHFFFAOYSA-N	Chembl441365	0	-2	-2	4	0	0	1	KCFYEAOKVJSACF-UHFFFAOYSA-N			Umifenovir		
SLBHRCLGSJLTPP-UHFFFAOYSA-N	Ethyl 5-Hydroxy-1,2-Dimethyl-6-(4-Methylphenyl)-1H-Indole-3-Carboxylate	0	-2	-2	4	0	0	1	KCFYEAOKVJSACF-UHFFFAOYSA-N			Umifenovir		
WTWYHCNMCRVESJ-UHFFFAOYSA-N	Mls001094947	0	-2	-2	4	0	0	1	KCFYEAOKVJSACF-UHFFFAOYSA-N			Umifenovir		
MEFWZKXYBCMXPK-UHFFFAOYSA-N	Mls000533652	0	-2	-2	4	0	0	1	KCFYEAOKVJSACF-UHFFFAOYSA-N			Umifenovir		
QDPYBCKZIWKMTO-UHFFFAOYSA-N	Ac1M8D6G	0	-2	-2	4	0	0	1	KCFYEAOKVJSACF-UHFFFAOYSA-N			Umifenovir		
USAGCQZMHUXNIZ-UHFFFAOYSA-N	Chembl65489	0	-2	-2	4	0	0	1	KCFYEAOKVJSACF-UHFFFAOYSA-N			Umifenovir		
XLHBSDQITRKFBX-UHFFFAOYSA-N	Chembl2420411	0	-2	-2	4	0	0	1	KCFYEAOKVJSACF-UHFFFAOYSA-N			Umifenovir		
VIYMPGWTEWZRDT-UHFFFAOYSA-N	CID28230179	0	-2	-2	4	0	0	1	KCFYEAOKVJSACF-UHFFFAOYSA-N			Umifenovir		
SDRFZJATLRBKSA-UHFFFAOYSA-N	7J-357S	0	-2	-2	4	0	0	1	KCFYEAOKVJSACF-UHFFFAOYSA-N			Umifenovir		
AKDZAYIELVVQEP-CXUHLZMHSA-N	AKDZAYIELVVQEP-CXUHLZMHSA-N	0	-2	-2	4	0	0	1	KCFYEAOKVJSACF-UHFFFAOYSA-N			Umifenovir		
QECJHEURTWFLJE-CAOOACKPSA-N	QECJHEURTWFLJE-CAOOACKPSA-N	0	-2	-2	4	0	0	1	KCFYEAOKVJSACF-UHFFFAOYSA-N			Umifenovir		
KQIXQFMKEXGIKY-AWQFTUOYSA-N	Mls001139234	0	-2	-2	4	0	0	1	KCFYEAOKVJSACF-UHFFFAOYSA-N			Umifenovir		
UVEOQKOAQWOPQF-UHFFFAOYSA-N	Nevirapin 4-Substituted Deriv. 4H	0	-2	-2	4	0	0	1	KCFYEAOKVJSACF-UHFFFAOYSA-N			Umifenovir		
YWNPBMVEOXMMSG-UHFFFAOYSA-N	10K-540S	0	-2	-2	4	0	0	1	KCFYEAOKVJSACF-UHFFFAOYSA-N			Umifenovir		
GWAMSPSBBZHZRN-UHFFFAOYSA-N	Chembl1934428	0	-2	-2	4	0	0	1	KCFYEAOKVJSACF-UHFFFAOYSA-N			Umifenovir		
YFDNKJDNULXAFN-UHFFFAOYSA-N	Stk588766	0	-2	-2	4	0	0	1	KCFYEAOKVJSACF-UHFFFAOYSA-N	SVOQIEJWJCQGDQ-UHFFFAOYSA-N		Umifenovir	SVOQIEJWJCQGDQ-UHFFFAOYSA-N	
VEORPZCZECFIRK-UHFFFAOYSA-N	Tetrabromobisphenol A	0	-2	-2	4	0	0	1	KCFYEAOKVJSACF-UHFFFAOYSA-N			Umifenovir		
OTQCVVKSEBCVLA-UHFFFAOYSA-N	Mls000561064	0	-2	-2	4	0	0	1	KCFYEAOKVJSACF-UHFFFAOYSA-N			Umifenovir		
LCWVNAWOVHXFSG-UHFFFAOYSA-N	St50330252	0	-2	-2	4	0	0	1	KCFYEAOKVJSACF-UHFFFAOYSA-N			Umifenovir		
LDBFDCQMIDRGJY-UHFFFAOYSA-N	Mls000389736	0	-2	-2	4	0	0	1	KCFYEAOKVJSACF-UHFFFAOYSA-N			Umifenovir		
VIYLMQDAPVRMRG-UHFFFAOYSA-N	Mls000325540	0	-2	-2	4	0	0	1	KCFYEAOKVJSACF-UHFFFAOYSA-N			Umifenovir		
HVVDJDNHJLLYIJ-UHFFFAOYSA-N	Chembl1688469	0	-2	-2	4	0	0	1	KCFYEAOKVJSACF-UHFFFAOYSA-N			Umifenovir		
WROBXNIPOICBSO-UHFFFAOYSA-N	Chembl573015	0	-2	-2	4	0	0	1	KCFYEAOKVJSACF-UHFFFAOYSA-N			Umifenovir		
DIQGPRUTKMOZHE-UHFFFAOYSA-N	963-69-9	0	-2	-2	4	0	0	1	KCFYEAOKVJSACF-UHFFFAOYSA-N			Umifenovir		
CCBZEJXFCGATEN-UHFFFAOYSA-N	Chembl40138	0	-2	-2	4	0	0	1	KCFYEAOKVJSACF-UHFFFAOYSA-N			Umifenovir		
ROQHPRGMOPCLDC-UHFFFAOYSA-N	Chembl1088996	0	-2	-2	4	0	0	1	KCFYEAOKVJSACF-UHFFFAOYSA-N			Umifenovir		
UDXJFQPOBGDKKV-UHFFFAOYSA-N	Mls000110484	0	-2	-2	4	0	0	1	KCFYEAOKVJSACF-UHFFFAOYSA-N			Umifenovir		
WKSWMOULCOEZMU-UHFFFAOYSA-N	Ac1M3Obt	0	-2	-2	4	0	0	1	KCFYEAOKVJSACF-UHFFFAOYSA-N			Umifenovir		
CEGFCDUXCKLRIG-UHFFFAOYSA-N	Smr000036697	0	-2	-2	4	0	0	1	KCFYEAOKVJSACF-UHFFFAOYSA-N			Umifenovir		
CRHJORBLGKSOEK-UHFFFAOYSA-N	Tcmdc-124122	0	-2	-2	4	0	0	1	KCFYEAOKVJSACF-UHFFFAOYSA-N			Umifenovir		
NSBXGVZRXFWJHO-UHFFFAOYSA-N	St50014057	0	-2	-2	4	0	0	1	KCFYEAOKVJSACF-UHFFFAOYSA-N			Umifenovir		
JNGKEYBGWAXPCJ-UHFFFAOYSA-N	Bdbm50062676	0	-2	-2	4	0	0	1	KCFYEAOKVJSACF-UHFFFAOYSA-N			Umifenovir		
NZTXOSONBRNBDV-UHFFFAOYSA-N	10K-593S	0	-2	-2	4	0	0	1	KCFYEAOKVJSACF-UHFFFAOYSA-N			Umifenovir		
MJAGWNCYNLSUSX-UHFFFAOYSA-N	Schembl508273	0	-2	-2	4	0	0	1	KCFYEAOKVJSACF-UHFFFAOYSA-N			Umifenovir		
IFECSMFQARKPSU-UHFFFAOYSA-N	N-(35-dibromo-4-hydroxyphenyl)-26-dimethylbenzamide	1	-2	-2	4	0	0	1	JYWIYHUXVMAGLG-UHFFFAOYSA-N	KCFYEAOKVJSACF-UHFFFAOYSA-N		Oxyclozanide	Umifenovir	
XNVAWTYOCZDXLU-UHFFFAOYSA-N	Ac1M2Q0H	0	-2	-2	4	0	0	1	KCFYEAOKVJSACF-UHFFFAOYSA-N			Umifenovir		
YAAIOYQSSKQRHO-UHFFFAOYSA-N	Smr000155794	0	-2	-2	4	0	0	1	KCFYEAOKVJSACF-UHFFFAOYSA-N			Umifenovir		
FEHGVRUTBUQIRT-UHFFFAOYSA-N	Mls000106046	0	-2	-2	4	0	0	1	KCFYEAOKVJSACF-UHFFFAOYSA-N			Umifenovir		
UDPPXSMFKKRISQ-MYJWUSKBSA-N	Chembl310354	0	-2	-2	4	0	0	1	KCFYEAOKVJSACF-UHFFFAOYSA-N			Umifenovir		
DXARGSBGLDYEJZ-UHFFFAOYSA-N	Mls002702461	0	-2	-2	4	0	0	1	KCFYEAOKVJSACF-UHFFFAOYSA-N			Umifenovir		
JDHQMNQTFMMAOM-UHFFFAOYSA-N	Mls000582093	0	-2	-2	4	0	0	1	KCFYEAOKVJSACF-UHFFFAOYSA-N			Umifenovir		
DIBZHDBTRAKQCF-UHFFFAOYSA-N	Mls001219876	0	-2	-2	4	0	0	1	KCFYEAOKVJSACF-UHFFFAOYSA-N			Umifenovir		
BXCXKAWFFYJCMR-UHFFFAOYSA-N	Ac1Nmqrw	0	-2	-2	4	0	0	1	KCFYEAOKVJSACF-UHFFFAOYSA-N			Umifenovir		
DAMLPIVDOPCSSN-UHFFFAOYSA-N	Mls000334769	0	-2	-2	4	0	0	1	KCFYEAOKVJSACF-UHFFFAOYSA-N			Umifenovir		
CJWGKVFZHIHJAH-UHFFFAOYSA-N	Mls002694950	0	-2	-2	4	0	0	1	KCFYEAOKVJSACF-UHFFFAOYSA-N			Umifenovir		
FOGXCBUSKWTDKV-NTUHNPAUSA-N	Chembl116595	0	-2	-2	4	0	0	1	JRURYQJSLYLRLN-BJMVGYQFSA-N	KCFYEAOKVJSACF-UHFFFAOYSA-N		Entacapone	Umifenovir	
ZSPPZDMGFUHVRY-UHFFFAOYSA-N	Ac1M36Wt	0	-2	-2	4	0	0	1	KCFYEAOKVJSACF-UHFFFAOYSA-N			Umifenovir		
BXBWAHXOBBHTCC-UHFFFAOYSA-N	Ac1M8Ze4	0	-2	-2	4	0	0	1	KCFYEAOKVJSACF-UHFFFAOYSA-N			Umifenovir		
IHGRXBMSSFFTJL-UHFFFAOYSA-N	Ethyl 6-Bromo-5-Hydroxy-2-Methyl-1H-Indole-3-Carboxylate	0	-2	-2	4	0	0	1	KCFYEAOKVJSACF-UHFFFAOYSA-N	VSZGPKBBMSAYNT-RRFJBIMHSA-N		Umifenovir	Oseltamivir	
VYDWDSBKBDEKNA-UHFFFAOYSA-N	Ethyl 2-{[(4-Bromo-1-Ethyl-1H-Pyrazol-3-Yl)Carbonyl]Amino}-4,5-Dimethylthiophene-3-Carboxylate	0	-2	-2	4	0	0	1	KCFYEAOKVJSACF-UHFFFAOYSA-N			Umifenovir		
UVIFUMPUXYBFBQ-UHFFFAOYSA-N	Ac1Nhg4K	0	-2	-2	4	0	0	1	KCFYEAOKVJSACF-UHFFFAOYSA-N			Umifenovir		
DSFNYWHDFYBZEX-UHFFFAOYSA-N	1-[(Dimethylamino)Methyl]-2-Hydroxy-5-Methyl-5H-Benzo[B]Carbazole-6,11-Dione	0	-2	-2	4	0	0	1	KCFYEAOKVJSACF-UHFFFAOYSA-N			Umifenovir		
UNVHGSAHRIPJEL-UHFFFAOYSA-N	1-[2-(Phenylsulfanyl)Acetyl]Tetrahydro-3H-Pyrazol-3-One	0	-2	-2	4	0	0	1	KCFYEAOKVJSACF-UHFFFAOYSA-N			Umifenovir		
GCMYOOAJYOMGJH-UHFFFAOYSA-N	Chembl106219	0	-2	-2	4	0	0	1	JDSJDASOXWCHPN-UHFFFAOYSA-N	KCFYEAOKVJSACF-UHFFFAOYSA-N		Tdzd-8	Umifenovir	
IWMKQXWYOCOGLU-UHFFFAOYSA-N	F1736-0893	0	-2	-2	4	0	0	1	KCFYEAOKVJSACF-UHFFFAOYSA-N			Umifenovir		
QLQJEQQGJVMCFN-AWQFTUOYSA-N	Mls001139224	0	-2	-2	4	0	0	1	KCFYEAOKVJSACF-UHFFFAOYSA-N			Umifenovir		
BSWWXRFVMJHFBN-UHFFFAOYSA-N	246-Tribromophenol	1	-2	-2	4	0	0	1	KCFYEAOKVJSACF-UHFFFAOYSA-N			Umifenovir		
UDYYPRWBKNVMLH-UHFFFAOYSA-N	Mls000779097	0	-2	-2	4	0	0	1	KCFYEAOKVJSACF-UHFFFAOYSA-N	SVOQIEJWJCQGDQ-UHFFFAOYSA-N		Umifenovir	SVOQIEJWJCQGDQ-UHFFFAOYSA-N	
MBNZGOKIVHUUKS-UHFFFAOYSA-N	Mls000772065	0	-2	-2	4	0	0	1	KCFYEAOKVJSACF-UHFFFAOYSA-N			Umifenovir		
AQZKEMHCWJXGNI-UHFFFAOYSA-N	Stk215511	0	-2	-2	4	0	0	1	KCFYEAOKVJSACF-UHFFFAOYSA-N			Umifenovir		
GZBUMXFWJBMWEE-UHFFFAOYSA-N	16108-48-8	0	-2	-2	4	0	0	1	KCFYEAOKVJSACF-UHFFFAOYSA-N			Umifenovir		
HBKZEMADTJMVHS-UHFFFAOYSA-N	Ac1Lcmps	0	-2	-2	4	0	0	1	KCFYEAOKVJSACF-UHFFFAOYSA-N			Umifenovir		
VMLRSHBRVLASIT-UHFFFAOYSA-N	Ac1Ljlv6	0	-2	-2	4	0	0	1	KCFYEAOKVJSACF-UHFFFAOYSA-N			Umifenovir		
NDSYXMXEXSFZEW-UHFFFAOYSA-N	Smr000221108	0	-2	-2	4	0	0	1	KCFYEAOKVJSACF-UHFFFAOYSA-N			Umifenovir		
GYQXMQJFFWCMNS-UHFFFAOYSA-N	Mls001164289	0	-2	-2	4	0	0	1	KCFYEAOKVJSACF-UHFFFAOYSA-N			Umifenovir		
